codigo_sspm,fec_not,cod_divipola,ciudad,dpto,edad,sexo,tip_ss,per_etn,fec_con,ini_sin,fec_pro_co,fec_res_bi,res_biops9,grad_histo,fecha_corte,fecha_reporte_web
1,2023-01-03,76948,cali,valle,68,femenino,contributivo,otro,2023-01-02,2022-11-22,2022-11-22,2022-11-22,carcinoma ductal,infiltrante,2023-03-27,2023-04-15
2,2023-01-04,76951,cali,valle,61,femenino,subsidiado,otro,2023-01-02,2022-11-02,2022-11-28,2022-12-02,carcinoma ductal,no indicado,2023-03-27,2023-04-15
3,2023-01-05,76947,cali,valle,75,femenino,contributivo,otro,2022-11-24,2022-10-24,2022-11-13,2022-11-23,carcinoma ductal,infiltrante,2023-03-27,2023-04-15
4,2023-01-05,76949,cali,valle,63,femenino,contributivo,otro,2022-12-10,2021-11-11,2022-11-28,2022-12-06,carcinoma ductal,infiltrante,2023-03-27,2023-04-15
5,2023-01-06,76950,cali,valle,47,femenino,contributivo,otro,2023-01-06,2022-10-01,2022-12-31,2023-01-05,carcinoma ductal,in-situ,2023-03-27,2023-04-15
6,2023-01-10,76957,cali,valle,65,femenino,subsidiado,otro,2022-11-03,2022-10-03,2022-12-13,2022-12-26,carcinoma ductal,no indicado,2023-03-27,2023-04-15
7,2023-01-11,76955,cali,valle,27,femenino,contributivo,otro,2023-01-10,2022-01-01,2022-12-07,2022-12-16,carcinoma ductal,infiltrante,2023-03-27,2023-04-15
8,2023-01-12,76956,cali,valle,63,femenino,subsidiado,otro,2023-01-12,2022-11-30,2022-11-28,2022-12-02,carcinoma ductal,infiltrante,2023-03-27,2023-04-15
9,2023-01-12,76958,cali,valle,39,femenino,contributivo,otro,2022-12-12,2022-11-25,2022-12-15,2022-12-30,carcinoma ductal,infiltrante,2023-03-27,2023-04-15
10,2023-01-12,76959,cali,valle,49,femenino,contributivo,otro,2022-12-21,2022-12-14,2022-12-30,2023-01-11,carcinoma ductal,in-situ,2023-03-27,2023-04-15
11,2023-01-12,76960,cali,valle,68,femenino,contributivo,otro,2022-12-09,2022-09-04,2022-12-14,2022-12-29,carcinoma ductal,in-situ,2023-03-27,2023-04-15
12,2023-01-12,76961,cali,valle,57,femenino,contributivo,otro,2022-12-15,2022-12-02,2022-12-21,2022-12-31,carcinoma ductal,in-situ,2023-03-27,2023-04-15
13,2023-01-13,76952,cali,valle,47,femenino,contributivo,otro,2022-11-10,2022-10-26,2022-07-09,2022-07-18,carcinoma ductal,in-situ,2023-03-27,2023-04-15
14,2023-01-13,76953,cali,valle,29,femenino,contributivo,otro,2022-08-19,2022-07-12,2022-07-12,2022-07-22,carcinoma ductal,infiltrante,2023-03-27,2023-04-15
15,2023-01-13,76954,cali,valle,76,femenino,contributivo,otro,2022-02-03,2022-01-26,2022-01-22,2022-01-31,carcinoma ductal,in-situ,2023-03-27,2023-04-15
16,2023-01-16,76965,cali,valle,60,femenino,subsidiado,otro,2023-01-05,2022-02-21,2022-12-22,2022-12-29,,infiltrante,2023-03-27,2023-04-15
17,2023-01-16,76967,cali,valle,58,femenino,contributivo,otro,2023-01-11,2022-12-22,,2023-01-06,carcinoma ductal,in-situ,2023-03-27,2023-04-15
18,2023-01-16,76973,cali,valle,81,femenino,contributivo,otro,2023-01-11,2020-04-01,2022-11-26,2022-11-30,carcinoma ductal,infiltrante,2023-03-27,2023-04-15
19,2023-01-17,76966,cali,valle,56,femenino,contributivo,otro,2022-12-19,2022-12-01,2022-12-07,2022-12-15,,infiltrante,2023-03-27,2023-04-15
20,2023-01-17,76968,cali,valle,50,femenino,contributivo,otro,2022-12-19,2022-11-19,2022-12-05,2022-12-14,carcinoma ductal,infiltrante,2023-03-27,2023-04-15
21,2023-01-17,76970,cali,valle,39,femenino,contributivo,otro,2022-12-20,2022-11-24,2022-12-10,2022-12-19,carcinoma ductal,infiltrante,2023-03-27,2023-04-15
22,2023-01-17,76977,cali,valle,50,femenino,contributivo,otro,2022-12-05,2022-12-05,2022-11-10,2022-11-27,carcinoma ductal,infiltrante,2023-03-27,2023-04-15
23,2023-01-18,76963,cali,valle,66,femenino,contributivo,otro,2023-01-17,2022-11-01,2022-12-14,2022-12-23,carcinoma ductal,infiltrante,2023-03-27,2023-04-15
24,2023-01-18,76969,cali,valle,44,femenino,contributivo,otro,2023-01-17,2022-11-01,2022-12-27,2023-01-02,carcinoma ductal,infiltrante,2023-03-27,2023-04-15
25,2023-01-18,76971,cali,valle,51,femenino,contributivo,otro,2022-11-11,2022-10-01,2022-11-18,2022-11-28,carcinoma ductal,infiltrante,2023-03-27,2023-04-15
26,2023-01-18,76972,cali,valle,60,femenino,contributivo,otro,2022-11-30,2022-10-25,2022-10-26,2022-10-26,carcinoma ductal,infiltrante,2023-03-27,2023-04-15
27,2023-01-18,76974,cali,valle,50,femenino,contributivo,otro,2022-11-30,2022-11-01,2022-11-15,2022-11-25,carcinoma ductal,infiltrante,2023-03-27,2023-04-15
28,2023-01-18,76976,cali,valle,49,femenino,contributivo,otro,2023-01-12,2022-11-19,2022-12-21,2023-01-06,carcinoma ductal,in-situ,2023-03-27,2023-04-15
29,2023-01-20,76962,cali,valle,55,femenino,contributivo,otro,2023-01-19,2022-10-28,2022-10-28,2022-10-28,carcinoma ductal,infiltrante,2023-03-27,2023-04-15
30,2023-01-20,76964,cali,valle,55,femenino,contributivo,otro,2023-01-19,2023-01-11,2023-01-11,2023-01-11,carcinoma ductal,no indicado,2023-03-27,2023-04-15
31,2023-01-20,76975,cali,valle,71,femenino,contributivo,otro,2023-01-20,2022-07-01,2022-10-04,2022-11-23,carcinoma ductal,infiltrante,2023-03-27,2023-04-15
32,2023-01-20,76978,cali,valle,66,femenino,contributivo,otro,2022-10-11,2022-09-20,2022-09-20,2022-10-11,carcinoma ductal,in-situ,2023-03-27,2023-04-15
33,2023-01-23,76979,cali,valle,58,femenino,contributivo,otro,2023-01-04,2022-10-26,2022-11-22,2022-11-28,carcinoma ductal,infiltrante,2023-03-27,2023-04-15
34,2023-01-23,76981,cali,valle,63,femenino,contributivo,afrocolombiano,2022-12-30,2022-01-06,2022-12-14,2022-12-23,carcinoma ductal,infiltrante,2023-03-27,2023-04-15
35,2023-01-23,76982,cali,valle,57,femenino,contributivo,otro,2023-01-05,2022-10-15,2022-12-21,2022-12-30,carcinoma lobulillar,infiltrante,2023-03-27,2023-04-15
36,2023-01-23,76983,cali,valle,41,femenino,contributivo,otro,2023-01-04,2022-09-10,2022-12-15,2022-12-24,carcinoma ductal,infiltrante,2023-03-27,2023-04-15
37,2023-01-23,76984,cali,valle,56,femenino,contributivo,otro,2023-01-04,2022-10-12,2022-12-21,2022-12-29,carcinoma ductal,infiltrante,2023-03-27,2023-04-15
38,2023-01-23,76985,cali,valle,52,femenino,contributivo,otro,2022-12-30,2022-10-31,2022-11-29,2022-11-30,carcinoma ductal,in-situ,2023-03-27,2023-04-15
39,2023-01-23,76986,cali,valle,68,femenino,contributivo,otro,2023-01-05,2022-10-15,2022-12-22,2023-01-03,,infiltrante,2023-03-27,2023-04-15
40,2023-01-23,76988,cali,valle,57,femenino,contributivo,otro,2022-12-30,2022-11-18,2022-12-17,2022-12-22,carcinoma ductal,infiltrante,2023-03-27,2023-04-15
41,2023-01-23,76989,cali,valle,55,femenino,contributivo,otro,2022-12-30,2022-01-06,2022-12-14,2022-12-23,carcinoma ductal,infiltrante,2023-03-27,2023-04-15
42,2023-01-23,76991,cali,valle,53,femenino,contributivo,otro,2023-01-04,2022-10-12,2022-12-22,2022-12-29,carcinoma ductal,in-situ,2023-03-27,2023-04-15
43,2023-01-23,76994,cali,valle,49,femenino,subsidiado,otro,2023-01-05,2022-09-01,2022-12-22,2022-12-30,carcinoma ductal,infiltrante,2023-03-27,2023-04-15
44,2023-01-23,76995,cali,valle,33,femenino,contributivo,otro,2023-01-04,2022-10-18,2022-12-09,2022-12-19,carcinoma ductal,in-situ,2023-03-27,2023-04-15
45,2023-01-23,76997,cali,valle,68,femenino,contributivo,otro,2023-01-23,2023-01-02,2023-01-02,2023-01-02,carcinoma ductal,no indicado,2023-03-27,2023-04-15
46,2023-01-23,76998,cali,valle,84,femenino,contributivo,otro,2023-01-04,2022-09-26,2022-12-09,2022-12-19,carcinoma ductal,in-situ,2023-03-27,2023-04-15
47,2023-01-23,77000,cali,valle,49,femenino,contributivo,otro,2022-12-30,2022-09-06,2022-12-14,2022-12-23,carcinoma ductal,infiltrante,2023-03-27,2023-04-15
48,2023-01-26,76980,cali,valle,61,femenino,contributivo,otro,2023-01-13,2020-11-01,2022-12-15,2022-12-24,carcinoma ductal,infiltrante,2023-03-27,2023-04-15
49,2023-01-26,76987,cali,valle,70,femenino,contributivo,otro,2023-01-18,2023-01-06,2023-01-06,2023-01-12,carcinoma ductal,infiltrante,2023-03-27,2023-04-15
50,2023-01-26,76992,cali,valle,83,femenino,contributivo,otro,2023-01-10,2019-01-01,2022-12-28,2022-12-28,carcinoma lobulillar,infiltrante,2023-03-27,2023-04-15
51,2023-01-26,76996,cali,valle,51,femenino,contributivo,otro,2023-01-11,2022-12-01,2022-12-01,2022-12-07,carcinoma ductal,infiltrante,2023-03-27,2023-04-15
52,2023-01-26,76999,cali,valle,61,femenino,contributivo,otro,2023-01-16,2022-12-15,2023-01-05,2023-01-12,carcinoma ductal,infiltrante,2023-03-27,2023-04-15
53,2023-01-26,77001,cali,valle,65,femenino,subsidiado,otro,2023-01-23,2023-01-03,2023-01-11,2023-01-18,carcinoma ductal,infiltrante,2023-03-27,2023-04-15
54,2023-01-26,77002,cali,valle,40,femenino,contributivo,otro,2023-01-19,2022-12-22,2023-01-05,2023-01-13,carcinoma ductal,infiltrante,2023-03-27,2023-04-15
55,2023-01-26,77003,cali,valle,60,femenino,contributivo,otro,2023-01-19,2022-11-18,2022-12-29,2023-01-06,carcinoma ductal,in-situ,2023-03-27,2023-04-15
56,2023-01-26,77005,cali,valle,60,femenino,subsidiado,otro,2023-01-19,2020-05-13,2022-12-14,2022-12-26,carcinoma ductal,infiltrante,2023-03-27,2023-04-15
57,2023-01-27,76990,cali,valle,23,femenino,contributivo,otro,2023-01-27,2023-01-23,2023-01-16,2023-01-23,carcinoma ductal,no indicado,2023-03-27,2023-04-15
58,2023-01-27,76993,cali,valle,71,femenino,subsidiado,otro,2023-01-25,2023-01-11,2023-01-18,2023-01-23,carcinoma ductal,infiltrante,2023-03-27,2023-04-15
59,2023-01-28,77004,cali,valle,74,femenino,subsidiado,otro,2023-01-05,2022-10-09,2023-01-06,2023-01-24,carcinoma ductal,infiltrante,2023-03-27,2023-04-15
60,2023-01-28,77006,cali,valle,58,femenino,contributivo,otro,2023-01-14,2022-10-10,2023-01-14,2023-01-28,carcinoma ductal,infiltrante,2023-03-27,2023-04-15
61,2023-01-30,77009,cali,valle,66,femenino,contributivo,otro,2023-01-28,2022-12-12,2023-01-19,2023-01-25,carcinoma ductal,infiltrante,2023-03-27,2023-04-15
62,2023-01-30,77015,cali,valle,58,femenino,contributivo,otro,2023-01-27,2023-01-17,2023-01-17,2023-01-17,carcinoma ductal,infiltrante,2023-03-27,2023-04-15
63,2023-01-30,77020,cali,valle,53,femenino,contributivo,otro,2023-01-27,2022-12-16,2022-12-16,2022-12-16,carcinoma ductal,no indicado,2023-03-27,2023-04-15
64,2023-01-31,77011,cali,valle,49,femenino,contributivo,otro,2023-01-18,2022-12-29,2023-01-04,2023-01-13,carcinoma ductal,infiltrante,2023-03-27,2023-04-15
65,2023-01-31,77017,cali,valle,67,femenino,contributivo,otro,2023-01-31,2023-01-19,2023-01-19,2023-01-26,carcinoma ductal,in-situ,2023-03-27,2023-04-15
66,2023-01-31,77031,cali,valle,39,femenino,contributivo,otro,2023-01-23,2022-10-01,2023-01-04,2023-01-12,carcinoma ductal,infiltrante,2023-03-27,2023-04-15
67,2023-02-01,77010,cali,valle,60,femenino,contributivo,otro,2023-01-26,2023-01-07,2023-01-18,2023-01-24,carcinoma ductal,in-situ,2023-03-27,2023-04-15
68,2023-02-01,77019,cali,valle,84,femenino,contributivo,otro,2023-01-31,2022-12-01,2023-01-16,2023-01-20,carcinoma ductal,infiltrante,2023-03-27,2023-04-15
69,2023-02-01,77024,cali,valle,68,femenino,contributivo,otro,2023-01-27,2023-01-01,2023-01-18,2023-01-20,carcinoma ductal,infiltrante,2023-03-27,2023-04-15
70,2023-02-01,77026,cali,valle,57,femenino,contributivo,otro,2023-01-31,2022-11-30,2023-01-11,2023-01-16,carcinoma ductal,infiltrante,2023-03-27,2023-04-15
71,2023-02-02,77014,cali,valle,67,femenino,contributivo,otro,2023-02-02,2022-08-25,2023-01-23,2023-01-26,carcinoma ductal,infiltrante,2023-03-27,2023-04-15
72,2023-02-02,77018,cali,valle,89,femenino,contributivo,otro,2023-02-01,2022-07-01,2023-01-12,2023-01-18,carcinoma ductal,infiltrante,2023-03-27,2023-04-15
73,2023-02-03,77007,cali,valle,74,femenino,contributivo,otro,2022-12-19,2022-11-09,2022-12-22,2023-01-02,carcinoma ductal,infiltrante,2023-03-27,2023-04-15
74,2023-02-03,77008,cali,valle,70,femenino,contributivo,otro,2023-02-02,2022-07-22,2023-01-26,2023-01-26,carcinoma ductal,no indicado,2023-03-27,2023-04-15
75,2023-02-03,77012,cali,valle,53,femenino,contributivo,otro,2022-11-24,2022-11-10,2022-11-30,2022-12-02,carcinoma ductal,infiltrante,2023-03-27,2023-04-15
76,2023-02-03,77013,cali,valle,45,femenino,contributivo,otro,2022-10-31,2022-09-23,2022-11-09,2022-11-18,carcinoma ductal,in-situ,2023-03-27,2023-04-15
77,2023-02-03,77016,cali,valle,59,femenino,contributivo,otro,2022-11-11,2022-06-28,2022-11-23,2022-11-30,carcinoma ductal,infiltrante,2023-03-27,2023-04-15
78,2023-02-03,77021,cali,valle,62,femenino,contributivo,otro,2022-11-30,2022-11-16,2022-12-07,2022-12-20,carcinoma ductal,infiltrante,2023-03-27,2023-04-15
79,2023-02-03,77022,cali,valle,52,femenino,contributivo,otro,2022-11-30,2022-11-05,2022-11-20,2022-11-30,carcinoma ductal,infiltrante,2023-03-27,2023-04-15
80,2023-02-03,77023,cali,valle,59,femenino,contributivo,otro,2022-11-09,2022-10-19,2022-11-17,2022-11-26,carcinoma ductal,infiltrante,2023-03-27,2023-04-15
81,2023-02-03,77025,cali,valle,56,femenino,contributivo,otro,2022-12-19,2022-11-18,2022-12-22,2022-12-30,carcinoma ductal,infiltrante,2023-03-27,2023-04-15
82,2023-02-03,77027,cali,valle,45,femenino,contributivo,otro,2022-11-22,2022-10-31,2022-12-01,2022-12-07,carcinoma ductal,infiltrante,2023-03-27,2023-04-15
83,2023-02-03,77028,cali,valle,74,femenino,contributivo,otro,2022-11-16,2022-07-21,2022-11-23,2022-12-20,carcinoma ductal,infiltrante,2023-03-27,2023-04-15
84,2023-02-03,77029,cali,valle,85,femenino,contributivo,otro,2022-11-30,2022-11-16,2022-12-01,2022-12-13,carcinoma ductal,in-situ,2023-03-27,2023-04-15
85,2023-02-03,77030,cali,valle,65,femenino,contributivo,otro,2022-11-16,2022-10-26,2022-11-23,2022-12-30,carcinoma ductal,no indicado,2023-03-27,2023-04-15
86,2023-02-03,77032,cali,valle,48,femenino,contributivo,otro,2022-12-01,2022-10-20,2022-11-24,2022-11-28,carcinoma ductal,infiltrante,2023-03-27,2023-04-15
87,2023-02-03,77033,cali,valle,91,femenino,contributivo,otro,2022-12-06,2022-08-27,2022-11-25,2022-11-28,carcinoma ductal,infiltrante,2023-03-27,2023-04-15
88,2023-02-06,77038,cali,valle,58,femenino,contributivo,otro,2023-01-24,2022-12-01,2023-01-11,2023-01-21,carcinoma ductal,infiltrante,2023-03-27,2023-04-15
89,2023-02-06,77039,cali,valle,41,femenino,contributivo,otro,2023-01-24,2023-01-01,2023-01-10,2023-01-21,carcinoma ductal,infiltrante,2023-03-27,2023-04-15
90,2023-02-06,77040,cali,valle,62,femenino,contributivo,otro,2023-01-04,2022-12-20,2023-01-05,2023-01-17,carcinoma ductal,infiltrante,2023-03-27,2023-04-15
91,2023-02-06,77041,cali,valle,53,femenino,contributivo,otro,2023-02-06,2023-01-31,2023-01-31,2023-01-31,carcinoma ductal,no indicado,2023-03-27,2023-04-15
92,2023-02-06,77044,cali,valle,62,femenino,contributivo,otro,2023-01-18,2023-01-18,2023-01-25,2023-02-06,carcinoma ductal,infiltrante,2023-03-27,2023-04-15
93,2023-02-06,77046,cali,valle,34,femenino,contributivo,otro,2023-02-02,2022-10-17,2023-01-30,2023-02-06,carcinoma ductal,infiltrante,2023-03-27,2023-04-15
94,2023-02-06,77048,cali,valle,52,femenino,contributivo,otro,2023-01-02,2022-10-01,2022-12-23,2022-12-27,carcinoma ductal,infiltrante,2023-03-27,2023-04-15
95,2023-02-06,77049,cali,valle,48,femenino,contributivo,otro,2023-02-06,2022-11-16,2023-02-01,2023-02-01,carcinoma ductal,no indicado,2023-03-27,2023-04-15
96,2023-02-06,77051,cali,valle,47,femenino,contributivo,otro,2023-01-27,2022-10-03,2023-01-19,2023-01-25,carcinoma ductal,infiltrante,2023-03-27,2023-04-15
97,2023-02-06,77052,cali,valle,33,femenino,contributivo,otro,2022-12-27,2022-09-20,2022-11-20,2022-11-29,carcinoma ductal,infiltrante,2023-03-27,2023-04-15
98,2023-02-06,77054,cali,valle,58,femenino,contributivo,otro,2023-02-01,2023-01-06,2023-01-23,2023-01-24,carcinoma ductal,no indicado,2023-03-27,2023-04-15
99,2023-02-06,77055,cali,valle,52,femenino,subsidiado,otro,2023-02-06,2022-12-07,2022-12-19,2022-12-22,carcinoma ductal,infiltrante,2023-03-27,2023-04-15
100,2023-02-06,77056,cali,valle,64,femenino,contributivo,otro,2023-02-03,2023-01-01,2023-01-25,2023-01-31,carcinoma ductal,in-situ,2023-03-27,2023-04-15
101,2023-02-06,77057,cali,valle,63,femenino,contributivo,otro,2023-01-25,2023-01-01,2023-01-05,2023-01-12,carcinoma ductal,infiltrante,2023-03-27,2023-04-15
102,2023-02-06,77059,cali,valle,66,femenino,contributivo,otro,2023-02-01,2022-09-13,2023-01-23,2023-01-30,carcinoma ductal,infiltrante,2023-03-27,2023-04-15
103,2023-02-07,77036,cali,valle,69,femenino,contributivo,otro,2023-02-07,2023-01-26,2023-01-26,2023-01-31,carcinoma ductal,infiltrante,2023-03-27,2023-04-15
104,2023-02-07,77042,cali,valle,44,femenino,subsidiado,otro,2023-02-01,2022-12-20,2023-01-24,2023-01-30,carcinoma ductal,infiltrante,2023-03-27,2023-04-15
105,2023-02-07,77043,cali,valle,53,femenino,contributivo,otro,2023-02-07,2022-07-01,2023-01-27,2023-02-01,carcinoma ductal,infiltrante,2023-03-27,2023-04-15
106,2023-02-07,77058,cali,valle,56,femenino,contributivo,otro,2023-01-20,2022-03-03,2023-01-12,2023-01-24,carcinoma ductal,infiltrante,2023-03-27,2023-04-15
107,2023-02-07,77061,cali,valle,86,femenino,contributivo,otro,2023-01-21,2022-01-09,2022-12-31,2023-01-14,carcinoma ductal,infiltrante,2023-03-27,2023-04-15
108,2023-02-07,77063,cali,valle,60,femenino,contributivo,otro,2023-01-12,2022-11-13,2023-01-03,2023-01-18,carcinoma ductal,infiltrante,2023-03-27,2023-04-15
109,2023-02-07,77064,cali,valle,42,femenino,contributivo,otro,2023-01-10,2022-11-20,2022-12-27,2023-01-11,carcinoma ductal,infiltrante,2023-03-27,2023-04-15
110,2023-02-07,77065,cali,valle,68,femenino,excepcion,otro,2023-01-11,2022-03-20,2022-12-12,2022-12-27,carcinoma ductal,infiltrante,2023-03-27,2023-04-15
111,2023-02-08,77047,cali,valle,41,femenino,contributivo,otro,2023-02-07,2022-12-01,2023-01-31,2023-02-03,carcinoma ductal,infiltrante,2023-03-27,2023-04-15
112,2023-02-08,77050,cali,valle,82,femenino,contributivo,otro,2023-02-07,2022-01-01,2023-01-20,2023-01-20,carcinoma ductal,infiltrante,2023-03-27,2023-04-15
113,2023-02-08,77060,cali,valle,63,femenino,contributivo,otro,2023-01-26,2022-04-03,2023-01-25,2023-02-02,carcinoma ductal,infiltrante,2023-03-27,2023-04-15
114,2023-02-09,77062,cali,valle,74,femenino,contributivo,otro,2023-02-02,2023-01-02,2023-02-02,2023-02-09,carcinoma ductal,infiltrante,2023-03-27,2023-04-15
115,2023-02-10,77034,cali,valle,60,femenino,contributivo,otro,2023-02-06,2023-01-14,2023-01-26,2023-02-02,carcinoma ductal,in-situ,2023-03-27,2023-04-15
116,2023-02-10,77035,cali,valle,61,femenino,contributivo,otro,2023-02-06,2022-12-01,2023-01-27,2023-01-31,carcinoma ductal,in-situ,2023-03-27,2023-04-15
117,2023-02-10,77037,cali,valle,72,femenino,contributivo,otro,2023-02-03,2022-10-10,2023-01-26,2023-02-01,carcinoma ductal,infiltrante,2023-03-27,2023-04-15
118,2023-02-10,77045,cali,valle,65,femenino,contributivo,otro,2023-02-03,2023-01-19,2023-01-19,2023-01-27,carcinoma ductal,in-situ,2023-03-27,2023-04-15
119,2023-02-10,77053,cali,valle,72,femenino,contributivo,otro,2023-02-10,2023-02-01,2023-02-02,2023-02-07,carcinoma ductal,infiltrante,2023-03-27,2023-04-15
120,2023-02-13,77067,cali,valle,63,femenino,contributivo,otro,2023-02-13,2023-02-02,2023-02-02,2023-02-08,carcinoma ductal,in-situ,2023-03-27,2023-04-15
121,2023-02-13,77071,cali,valle,66,femenino,contributivo,raizal,2023-02-10,2023-01-06,2023-02-02,2023-02-10,carcinoma ductal,in-situ,2023-03-27,2023-04-15
122,2023-02-15,77073,cali,valle,29,masculino,contributivo,,2023-02-15,2023-02-15,2023-01-12,2023-01-18,carcinoma ductal,in-situ,2023-03-27,2023-04-15
123,2023-02-16,77068,cali,valle,45,femenino,contributivo,otro,2023-02-16,2022-12-15,2023-02-09,2023-02-09,carcinoma ductal,no indicado,2023-03-27,2023-04-15
124,2023-02-16,77070,cali,valle,74,femenino,contributivo,otro,2023-02-15,2023-01-23,2023-02-03,2023-02-03,carcinoma lobulillar,no indicado,2023-03-27,2023-04-15
125,2023-02-16,77072,cali,valle,66,femenino,contributivo,otro,2023-02-09,2023-02-09,2023-02-09,2023-02-15,carcinoma ductal,no indicado,2023-03-27,2023-04-15
126,2023-02-17,77066,cali,valle,72,femenino,contributivo,otro,2023-02-16,2022-12-01,2023-02-06,2023-02-06,carcinoma ductal,infiltrante,2023-03-27,2023-04-15
127,2023-02-17,77069,cali,valle,42,femenino,subsidiado,otro,2023-02-16,2022-07-16,2023-01-26,2023-02-09,carcinoma ductal,infiltrante,2023-03-27,2023-04-15
128,2023-02-20,77080,cali,valle,49,femenino,contributivo,otro,2023-02-08,2021-12-13,2023-01-19,2023-01-27,carcinoma ductal,infiltrante,2023-03-27,2023-04-15
129,2023-02-21,77077,cali,valle,50,femenino,subsidiado,otro,2023-02-20,2022-08-21,2022-10-21,2022-10-21,carcinoma ductal,infiltrante,2023-03-27,2023-04-15
130,2023-02-22,77074,cali,valle,76,femenino,contributivo,otro,2023-02-21,2022-12-19,2022-12-20,2022-12-20,carcinoma ductal,in-situ,2023-03-27,2023-04-15
131,2023-02-22,77081,cali,valle,74,femenino,excepcion,otro,2023-02-21,2023-01-25,2023-01-30,2023-01-30,carcinoma ductal,infiltrante,2023-03-27,2023-04-15
132,2023-02-23,77078,cali,valle,77,femenino,contributivo,otro,2023-02-21,2023-01-12,2023-02-02,2023-02-02,carcinoma ductal,no indicado,2023-03-27,2023-04-15
133,2023-02-24,77076,cali,valle,71,femenino,contributivo,otro,2023-02-23,2022-12-22,2023-02-15,2023-02-17,carcinoma ductal,in-situ,2023-03-27,2023-04-15
134,2023-02-24,77079,cali,valle,92,femenino,contributivo,otro,2023-01-19,2023-01-19,2023-01-19,2023-01-31,carcinoma ductal,in-situ,2023-03-27,2023-04-15
135,2023-02-25,77075,cali,valle,66,femenino,contributivo,raizal,2023-02-24,2023-01-16,2023-02-13,2023-02-21,carcinoma lobulillar,infiltrante,2023-03-27,2023-04-15
136,2023-02-27,77084,cali,valle,54,femenino,contributivo,otro,2023-02-16,2023-01-16,2023-02-16,2023-02-22,carcinoma ductal,infiltrante,2023-03-27,2023-04-15
137,2023-02-28,77082,cali,valle,41,femenino,contributivo,otro,2023-02-28,2022-04-01,2022-12-14,2022-12-14,carcinoma ductal,infiltrante,2023-03-27,2023-04-15
138,2023-02-28,77083,cali,valle,81,femenino,contributivo,otro,2023-02-28,2021-02-01,2023-02-21,2023-02-21,carcinoma ductal,infiltrante,2023-03-27,2023-04-15
139,2023-02-28,77087,cali,valle,48,femenino,contributivo,otro,2023-02-25,2020-02-13,2023-01-20,2023-01-20,carcinoma lobulillar,in-situ,2023-03-27,2023-04-15
140,2023-02-28,77088,cali,valle,60,femenino,contributivo,otro,2023-02-25,2022-06-16,2023-02-17,2023-02-17,carcinoma ductal,no indicado,2023-03-27,2023-04-15
141,2023-02-28,77090,cali,valle,74,femenino,contributivo,otro,2023-02-21,2023-01-10,2023-02-22,2023-02-27,carcinoma lobulillar,in-situ,2023-03-27,2023-04-15
142,2023-02-28,77091,cali,valle,60,femenino,contributivo,otro,2023-02-22,2023-01-10,2023-02-23,2023-02-28,carcinoma ductal,in-situ,2023-03-27,2023-04-15
143,2023-02-28,77093,cali,valle,56,femenino,contributivo,otro,2023-02-24,2022-02-01,2023-01-28,2023-01-28,carcinoma ductal,infiltrante,2023-03-27,2023-04-15
144,2023-02-28,77096,cali,valle,85,femenino,contributivo,otro,2023-02-23,2023-02-21,2023-02-16,2023-02-21,carcinoma ductal,in-situ,2023-03-27,2023-04-15
145,2023-03-01,77089,cali,valle,55,femenino,contributivo,otro,2023-03-01,2023-02-26,2023-02-26,2023-02-26,carcinoma ductal,infiltrante,2023-03-27,2023-04-15
146,2023-03-01,77095,cali,valle,71,femenino,subsidiado,otro,2023-03-01,2023-02-09,2023-02-21,2023-02-27,carcinoma lobulillar,infiltrante,2023-03-27,2023-04-15
147,2023-03-03,77085,cali,valle,55,femenino,subsidiado,otro,2023-03-02,2023-02-14,2023-02-21,2023-02-27,carcinoma ductal,infiltrante,2023-03-27,2023-04-15
148,2023-03-03,77092,cali,valle,86,femenino,subsidiado,otro,2023-03-02,2023-02-14,2023-02-21,2023-02-27,carcinoma ductal,infiltrante,2023-03-27,2023-04-15
149,2023-03-03,77094,cali,valle,49,femenino,no afiliado,otro,2022-09-01,2022-08-04,2022-08-26,2022-08-30,carcinoma lobulillar,no indicado,2023-03-27,2023-04-15
150,2023-03-04,77086,cali,valle,44,femenino,contributivo,otro,2023-03-02,2022-11-02,2023-02-07,2023-02-07,carcinoma ductal,infiltrante,2023-03-27,2023-04-15
151,2023-03-06,77097,cali,valle,38,femenino,contributivo,otro,2023-02-15,2023-01-27,2023-02-02,2023-02-10,carcinoma ductal,infiltrante,2023-03-27,2023-04-15
152,2023-03-06,77098,cali,valle,59,femenino,contributivo,otro,2023-02-09,2023-01-24,2023-01-27,2023-02-07,carcinoma ductal,in-situ,2023-03-27,2023-04-15
153,2023-03-06,77099,cali,valle,56,femenino,contributivo,otro,2023-03-06,2022-09-09,2023-02-23,2023-03-03,carcinoma lobulillar,no indicado,2023-03-27,2023-04-15
154,2023-03-06,77100,cali,valle,53,femenino,contributivo,otro,2022-08-22,2022-03-02,2022-08-10,2022-08-21,carcinoma ductal,no indicado,2023-03-27,2023-04-15
155,2023-03-06,77104,cali,valle,77,femenino,contributivo,otro,2023-02-08,2022-10-01,2022-11-12,2022-12-26,carcinoma ductal,infiltrante,2023-03-27,2023-04-15
156,2023-03-06,77107,cali,valle,67,femenino,contributivo,otro,2023-02-20,2023-01-25,2023-02-15,2023-02-15,carcinoma ductal,infiltrante,2023-03-27,2023-04-15
157,2023-03-06,77108,cali,valle,59,femenino,contributivo,otro,2023-02-15,2023-01-03,2023-02-10,2023-02-10,carcinoma ductal,infiltrante,2023-03-27,2023-04-15
158,2023-03-06,77110,cali,valle,31,femenino,contributivo,otro,2023-02-17,2023-02-17,2023-02-07,2023-02-14,carcinoma ductal,in-situ,2023-03-27,2023-04-15
159,2023-03-06,77113,cali,valle,62,femenino,contributivo,otro,2023-02-15,2023-02-01,2023-02-02,2023-02-13,carcinoma ductal,infiltrante,2023-03-27,2023-04-15
160,2023-03-06,77117,cali,valle,73,femenino,contributivo,otro,2022-04-25,2021-01-01,2022-04-19,2022-04-27,carcinoma ductal,in-situ,2023-03-27,2023-04-15
161,2023-03-06,77121,cali,valle,63,femenino,contributivo,otro,2023-02-14,2022-12-26,2023-02-02,2023-02-07,carcinoma ductal,in-situ,2023-03-27,2023-04-15
162,2023-03-06,77128,cali,valle,37,femenino,contributivo,otro,2023-02-15,2023-02-01,2023-02-06,2023-02-13,carcinoma ductal,infiltrante,2023-03-27,2023-04-15
163,2023-03-07,77101,cali,valle,65,femenino,contributivo,otro,2023-03-06,2022-09-09,2023-02-23,2023-02-23,carcinoma ductal,no indicado,2023-03-27,2023-04-15
164,2023-03-07,77102,cali,valle,56,femenino,contributivo,otro,2023-03-06,2022-07-02,2023-02-27,2023-02-27,carcinoma ductal,no indicado,2023-03-27,2023-04-15
165,2023-03-07,77103,cali,valle,73,masculino,contributivo,otro,2023-02-17,2023-02-02,2023-02-09,2023-02-15,carcinoma ductal,infiltrante,2023-03-27,2023-04-15
166,2023-03-07,77112,cali,valle,74,femenino,contributivo,otro,2023-02-21,2022-09-01,2022-12-20,2023-01-03,carcinoma ductal,infiltrante,2023-03-27,2023-04-15
167,2023-03-08,77114,cali,valle,46,femenino,contributivo,otro,2023-03-07,2023-02-01,2023-02-14,2023-02-14,carcinoma ductal,infiltrante,2023-03-27,2023-04-15
168,2023-03-08,77118,cali,valle,74,femenino,contributivo,otro,2022-11-16,2022-06-10,2022-10-20,2022-11-02,carcinoma ductal,infiltrante,2023-03-27,2023-04-15
169,2023-03-08,77119,cali,valle,56,femenino,contributivo,otro,2022-12-01,2022-08-15,2022-11-15,2022-11-29,carcinoma ductal,infiltrante,2023-03-27,2023-04-15
170,2023-03-08,77120,cali,valle,57,femenino,contributivo,otro,2023-01-28,2022-10-10,2022-12-22,2023-01-10,carcinoma ductal,in-situ,2023-03-27,2023-04-15
171,2023-03-08,77123,cali,valle,66,femenino,contributivo,otro,2022-11-24,2022-10-10,2022-11-18,2022-11-30,carcinoma ductal,in-situ,2023-03-27,2023-04-15
172,2023-03-08,77126,cali,valle,73,femenino,contributivo,otro,2023-02-23,2022-12-23,2022-12-03,2022-12-18,carcinoma ductal,infiltrante,2023-03-27,2023-04-15
173,2023-03-08,77127,cali,valle,79,femenino,contributivo,otro,2023-01-19,2022-01-10,2022-12-18,2022-12-30,carcinoma lobulillar,infiltrante,2023-03-27,2023-04-15
174,2023-03-09,77105,cali,valle,48,femenino,contributivo,otro,2023-03-07,2023-03-07,2023-03-07,2023-03-07,carcinoma ductal,infiltrante,2023-03-27,2023-04-15
175,2023-03-09,77122,cali,valle,29,femenino,contributivo,otro,2023-02-22,2023-01-01,2023-01-26,2023-02-07,carcinoma ductal,infiltrante,2023-03-27,2023-04-15
176,2023-03-09,77124,cali,valle,76,femenino,contributivo,otro,2023-02-09,2023-01-10,2023-01-26,2023-02-08,carcinoma ductal,infiltrante,2023-03-27,2023-04-15
177,2023-03-09,77125,cali,valle,63,femenino,contributivo,otro,2022-05-26,2022-02-10,2022-04-19,2022-04-30,carcinoma lobulillar,infiltrante,2023-03-27,2023-04-15
178,2023-03-10,77106,cali,valle,71,femenino,contributivo,otro,2023-02-08,2022-12-28,2023-01-17,2023-01-25,carcinoma ductal,in-situ,2023-03-27,2023-04-15
179,2023-03-10,77109,cali,valle,92,femenino,contributivo,otro,2022-12-21,2022-11-10,2022-12-31,2023-01-04,carcinoma ductal,infiltrante,2023-03-27,2023-04-15
180,2023-03-10,77111,cali,valle,74,femenino,contributivo,otro,2022-12-26,2022-11-25,2023-01-04,2023-01-17,carcinoma ductal,in-situ,2023-03-27,2023-04-15
181,2023-03-10,77115,cali,valle,75,femenino,contributivo,otro,2023-01-11,2022-12-07,2023-01-17,2023-02-01,carcinoma ductal,infiltrante,2023-03-27,2023-04-15
182,2023-03-10,77116,cali,valle,82,femenino,contributivo,otro,2023-01-18,2022-11-04,2023-01-26,2023-02-06,carcinoma ductal,infiltrante,2023-03-27,2023-04-15
183,2023-03-14,77131,cali,valle,67,femenino,contributivo,otro,2023-03-14,2023-02-14,2023-03-06,2023-03-06,carcinoma ductal,infiltrante,2023-03-27,2023-04-15
184,2023-03-14,77132,cali,valle,55,femenino,contributivo,otro,2023-02-24,2022-06-01,2023-02-02,2023-02-10,carcinoma ductal,no indicado,2023-03-27,2023-04-15
185,2023-03-14,77133,cali,valle,49,femenino,contributivo,otro,2023-02-24,2023-02-15,2023-02-15,2023-02-21,carcinoma ductal,infiltrante,2023-03-27,2023-04-15
186,2023-03-14,77134,cali,valle,57,femenino,contributivo,otro,2023-03-02,2023-01-16,2023-02-20,2023-02-28,carcinoma ductal,infiltrante,2023-03-27,2023-04-15
187,2023-03-14,77135,cali,valle,78,femenino,contributivo,otro,2023-02-15,2022-11-01,2023-02-06,2023-02-13,carcinoma ductal,infiltrante,2023-03-27,2023-04-15
188,2023-03-14,77137,cali,valle,44,femenino,contributivo,otro,2023-02-14,2023-01-22,2023-01-26,2023-02-13,carcinoma ductal,infiltrante,2023-03-27,2023-04-15
189,2023-03-14,77138,cali,valle,68,femenino,contributivo,otro,2023-03-14,2022-06-01,2023-03-03,2023-03-08,carcinoma ductal,in-situ,2023-03-27,2023-04-15
190,2023-03-14,77140,cali,valle,56,femenino,contributivo,otro,2023-02-15,2022-06-10,2023-02-02,2023-02-10,carcinoma ductal,infiltrante,2023-03-27,2023-04-15
191,2023-03-15,77136,cali,valle,34,femenino,contributivo,otro,2023-03-14,2022-03-01,2023-03-02,2023-03-02,carcinoma ductal,in-situ,2023-03-27,2023-04-15
192,2023-03-15,77144,cali,valle,40,femenino,contributivo,otro,2023-03-08,2022-12-27,2023-03-08,2023-03-14,carcinoma ductal,infiltrante,2023-03-27,2023-04-15
193,2023-03-16,77146,cali,valle,62,femenino,contributivo,otro,2023-01-21,2022-11-08,2022-12-22,2023-01-06,carcinoma ductal,in-situ,2023-03-27,2023-04-15
194,2023-03-16,77148,cali,valle,64,femenino,contributivo,otro,2022-11-16,2022-09-09,2022-11-30,2022-12-15,carcinoma ductal,in-situ,2023-03-27,2023-04-15
195,2023-03-17,77129,cali,valle,48,femenino,contributivo,otro,2023-02-10,2022-11-16,2023-02-16,2023-02-20,carcinoma ductal,in-situ,2023-03-27,2023-04-15
196,2023-03-17,77130,cali,valle,51,femenino,contributivo,otro,2023-03-01,2023-01-30,2023-02-15,2023-02-20,carcinoma ductal,in-situ,2023-03-27,2023-04-15
197,2023-03-17,77139,cali,valle,44,femenino,contributivo,otro,2023-03-03,2023-02-16,2023-02-16,2023-02-24,carcinoma ductal,infiltrante,2023-03-27,2023-04-15
198,2023-03-17,77141,cali,valle,84,femenino,contributivo,otro,2023-02-22,2023-01-01,2023-03-02,2023-03-06,carcinoma ductal,infiltrante,2023-03-27,2023-04-15
199,2023-03-17,77142,cali,valle,43,femenino,contributivo,otro,2023-02-04,2023-02-04,2023-02-22,2023-03-04,carcinoma ductal,infiltrante,2023-03-27,2023-04-15
200,2023-03-17,77143,cali,valle,55,femenino,contributivo,otro,2023-01-27,2023-01-25,2023-02-02,2023-02-14,carcinoma ductal,infiltrante,2023-03-27,2023-04-15
201,2023-03-18,77145,cali,valle,83,femenino,contributivo,otro,2023-02-16,2022-12-12,2023-02-02,2023-02-17,carcinoma ductal,infiltrante,2023-03-27,2023-04-15
202,2023-03-18,77147,cali,valle,66,femenino,contributivo,otro,2023-02-16,2023-01-02,2022-12-26,2023-01-10,carcinoma ductal,infiltrante,2023-03-27,2023-04-15
203,2023-03-19,77149,cali,valle,63,femenino,subsidiado,otro,2023-03-15,2023-02-22,2023-03-07,2023-03-14,carcinoma ductal,infiltrante,2023-03-27,2023-04-15
204,2023-03-19,77150,cali,valle,63,femenino,subsidiado,otro,2023-03-15,2022-09-30,2023-03-07,2023-03-14,carcinoma ductal,in-situ,2023-03-27,2023-04-15
205,2023-03-20,77159,cali,valle,64,femenino,contributivo,otro,2023-02-18,2022-09-09,2023-02-02,2023-02-17,carcinoma ductal,in-situ,2023-03-27,2023-04-15
206,2023-03-20,77164,cali,valle,71,femenino,contributivo,otro,2023-03-09,2022-10-09,2023-01-17,2023-02-01,carcinoma lobulillar,infiltrante,2023-03-27,2023-04-15
207,2023-03-20,77166,cali,valle,65,femenino,contributivo,otro,2023-03-09,2023-01-01,2023-03-10,2023-03-16,carcinoma ductal,infiltrante,2023-03-27,2023-04-15
208,2023-03-20,77167,cali,valle,65,femenino,subsidiado,otro,2023-03-09,2023-01-10,2023-03-10,2023-03-16,carcinoma ductal,in-situ,2023-03-27,2023-04-15
209,2023-03-21,77155,cali,valle,67,femenino,subsidiado,otro,2023-03-21,2023-01-21,2023-02-27,2023-03-06,carcinoma ductal,infiltrante,2023-03-27,2023-04-15
210,2023-03-21,77156,cali,valle,49,femenino,subsidiado,otro,2023-03-21,2023-02-27,2023-02-27,2023-03-09,carcinoma ductal,infiltrante,2023-03-27,2023-04-15
211,2023-03-22,77163,cali,valle,55,femenino,contributivo,otro,2023-03-03,2022-12-05,2023-02-16,2023-03-03,carcinoma ductal,infiltrante,2023-03-27,2023-04-15
212,2023-03-23,77151,cali,valle,59,femenino,contributivo,otro,2023-03-22,2022-10-01,2023-03-09,2023-03-15,carcinoma ductal,in-situ,2023-03-27,2023-04-15
213,2023-03-23,77152,cali,valle,53,femenino,contributivo,otro,2023-03-21,2023-02-27,2023-03-16,2023-03-20,carcinoma ductal,in-situ,2023-03-27,2023-04-15
214,2023-03-23,77153,cali,valle,48,femenino,contributivo,otro,2023-03-17,2022-09-17,2023-03-08,2023-03-08,carcinoma ductal,in-situ,2023-03-27,2023-04-15
215,2023-03-23,77154,cali,valle,43,femenino,contributivo,,2023-03-21,2023-01-01,2023-03-10,2023-03-17,carcinoma ductal,in-situ,2023-03-27,2023-04-15
216,2023-03-23,77157,cali,valle,30,femenino,contributivo,rom,2023-03-16,2022-12-16,2023-03-04,2023-03-04,carcinoma ductal,no indicado,2023-03-27,2023-04-15
217,2023-03-23,77160,cali,valle,51,femenino,contributivo,otro,2023-03-21,2023-02-08,2023-03-03,2023-03-08,carcinoma ductal,infiltrante,2023-03-27,2023-04-15
218,2023-03-24,77158,cali,valle,62,femenino,contributivo,otro,2023-03-23,2023-01-23,2023-03-08,2023-03-08,carcinoma ductal,infiltrante,2023-03-27,2023-04-15
219,2023-03-24,77161,cali,valle,49,femenino,contributivo,otro,2023-03-24,2023-03-17,2023-03-17,2023-03-17,carcinoma ductal,in-situ,2023-03-27,2023-04-15
220,2023-03-24,77162,cali,valle,91,femenino,contributivo,otro,2023-03-16,2023-03-16,2023-03-15,2023-03-23,carcinoma lobulillar,no indicado,2023-03-27,2023-04-15
221,2023-03-24,77165,cali,valle,39,femenino,contributivo,otro,2023-03-01,2022-11-20,2023-03-14,2023-03-23,carcinoma ductal,infiltrante,2023-03-27,2023-04-15
222,2023-03-27,77170,cali,valle,45,femenino,contributivo,otro,2023-03-25,2022-09-25,2023-03-23,2023-03-23,carcinoma ductal,infiltrante,2023-03-27,2023-04-15
223,2023-03-28,77168,cali,valle,52,femenino,contributivo,otro,2023-03-27,2023-01-18,2023-01-18,2023-01-18,carcinoma lobulillar,in-situ,2023-03-27,2023-04-15
224,2023-03-28,77171,cali,valle,68,femenino,contributivo,otro,2023-03-25,2022-09-23,2023-03-14,2023-03-14,carcinoma ductal,infiltrante,2023-03-27,2023-04-15
225,2023-03-28,77172,cali,valle,65,femenino,contributivo,otro,2023-03-25,2023-01-25,2023-03-15,2023-03-15,carcinoma ductal,infiltrante,2023-03-27,2023-04-15
226,2023-03-28,77177,cali,valle,80,femenino,contributivo,otro,2023-03-25,2022-03-18,2023-03-08,2023-03-08,carcinoma ductal,infiltrante,2023-03-27,2023-04-15
227,2023-03-28,77178,cali,valle,81,femenino,contributivo,otro,2023-03-23,2023-02-24,2023-03-12,2023-03-12,carcinoma ductal,no indicado,2023-03-27,2023-04-15
228,2023-03-28,77180,cali,valle,75,femenino,contributivo,otro,2023-03-25,2023-02-03,2023-02-22,2023-02-22,carcinoma ductal,infiltrante,2023-03-27,2023-04-15
229,2023-03-29,77182,cali,valle,69,femenino,contributivo,otro,2023-03-22,2022-12-07,2023-02-20,2023-02-27,carcinoma ductal,infiltrante,2023-03-27,2023-04-15
230,2023-03-30,77173,cali,valle,60,femenino,contributivo,otro,2023-03-28,2023-01-31,2023-02-15,2023-02-15,carcinoma ductal,infiltrante,2023-03-27,2023-04-15
231,2023-03-30,77174,cali,valle,69,femenino,contributivo,otro,2023-03-29,2023-03-01,2023-03-21,2023-03-22,carcinoma ductal,infiltrante,2023-03-27,2023-04-15
232,2023-03-30,77175,cali,valle,45,femenino,contributivo,afrocolombiano,2023-03-29,2022-11-01,2023-03-21,2023-03-24,carcinoma ductal,infiltrante,2023-03-27,2023-04-15
233,2023-03-30,77176,cali,valle,83,femenino,contributivo,otro,2023-03-30,2023-03-21,2023-03-21,2023-03-28,carcinoma ductal,in-situ,2023-03-27,2023-04-15
234,2023-03-30,77179,cali,valle,67,femenino,contributivo,otro,2023-03-28,2022-10-03,2023-03-17,2023-03-27,carcinoma ductal,in-situ,2023-03-27,2023-04-15
235,2023-03-31,77169,cali,valle,62,femenino,no afiliado,otro,2023-03-31,2023-03-30,2023-02-27,2023-03-31,carcinoma ductal,in-situ,2023-03-27,2023-04-15
236,2023-03-31,77181,cali,valle,80,femenino,contributivo,otro,2023-03-10,2022-03-12,2023-03-24,2023-03-31,carcinoma ductal,infiltrante,2023-03-27,2023-04-15
237,2023-03-31,77183,cali,valle,67,femenino,contributivo,otro,2023-03-28,2022-11-20,2023-03-23,2023-03-30,carcinoma ductal,infiltrante,2023-03-27,2023-04-15
