codigo_sspm;fec_not;cod_divipola;ciudad;dpto;edad_;sexo_;tip_ss_;per_etn_;fec_con_;ini_sin_;fec_pro_co;fec_res_bi;res_biops9;grad_histo;fecha_corte;fecha_reporte_web;;;;;;;;;;;;;;;;;;;;
1;3-ene-2023;76948;Cali;Valle;68;femenino;contributivo;otro;2-ene-2023;22-nov-2022;22-nov-2022;22-nov-2022;carcinoma ductal;infiltrante;27-mar-2023;15-abr-2023;;;;;;;;;;;;;;;;;;;;
2;4-ene-2023;76951;Cali;Valle;61;femenino;subsidiado;otro;2-ene-2023;2-nov-2022;28-nov-2022;2-dic-2022;carcinoma ductal;no indicado;27-mar-2023;15-abr-2023;;;;;;;;;;;;;;;;;;;;
3;5-ene-2023;76947;Cali;Valle;75;femenino;contributivo;otro;24-nov-2022;24-oct-2022;13-nov-2022;23-nov-2022;carcinoma ductal;infiltrante;27-mar-2023;15-abr-2023;;;;;;;;;;;;;;;;;;;;
4;5-ene-2023;76949;Cali;Valle;63;femenino;contributivo;otro;10-dic-2022;11-nov-2021;28-nov-2022;6-dic-2022;carcinoma ductal;infiltrante;27-mar-2023;15-abr-2023;;;;;;;;;;;;;;;;;;;;
5;6-ene-2023;76950;Cali;Valle;47;femenino;contributivo;otro;6-ene-2023;1-oct-2022;31-dic-2022;5-ene-2023;carcinoma ductal;in-situ;27-mar-2023;15-abr-2023;;;;;;;;;;;;;;;;;;;;
6;10-ene-2023;76957;Cali;Valle;65;femenino;subsidiado;otro;3-nov-2022;3-oct-2022;13-dic-2022;26-dic-2022;carcinoma ductal;no indicado;27-mar-2023;15-abr-2023;;;;;;;;;;;;;;;;;;;;
7;11-ene-2023;76955;Cali;Valle;27;femenino;contributivo;otro;10-ene-2023;1-ene-2022;7-dic-2022;16-dic-2022;carcinoma ductal;infiltrante;27-mar-2023;15-abr-2023;;;;;;;;;;;;;;;;;;;;
8;12-ene-2023;76956;Cali;Valle;63;femenino;subsidiado;otro;12-ene-2023;30-nov-2022;28-nov-2022;2-dic-2022;carcinoma ductal;infiltrante;27-mar-2023;15-abr-2023;;;;;;;;;;;;;;;;;;;;
9;12-ene-2023;76958;Cali;Valle;39;femenino;contributivo;otro;12-dic-2022;25-nov-2022;15-dic-2022;30-dic-2022;carcinoma ductal;infiltrante;27-mar-2023;15-abr-2023;;;;;;;;;;;;;;;;;;;;
10;12-ene-2023;76959;Cali;Valle;49;femenino;contributivo;otro;21-dic-2022;14-dic-2022;30-dic-2022;11-ene-2023;carcinoma ductal;in-situ;27-mar-2023;15-abr-2023;;;;;;;;;;;;;;;;;;;;
11;12-ene-2023;76960;Cali;Valle;68;femenino;contributivo;otro;9-dic-2022;4-sep-2022;14-dic-2022;29-dic-2022;carcinoma ductal;in-situ;27-mar-2023;15-abr-2023;;;;;;;;;;;;;;;;;;;;
12;12-ene-2023;76961;Cali;Valle;57;femenino;contributivo;otro;15-dic-2022;2-dic-2022;21-dic-2022;31-dic-2022;carcinoma ductal;in-situ;27-mar-2023;15-abr-2023;;;;;;;;;;;;;;;;;;;;
13;13-ene-2023;76952;Cali;Valle;47;femenino;contributivo;otro;10-nov-2022;26-oct-2022;9-jul-2022;18-jul-2022;carcinoma ductal;in-situ;27-mar-2023;15-abr-2023;;;;;;;;;;;;;;;;;;;;
14;13-ene-2023;76953;Cali;Valle;29;femenino;contributivo;otro;19-ago-2022;12-jul-2022;12-jul-2022;22-jul-2022;carcinoma ductal;infiltrante;27-mar-2023;15-abr-2023;;;;;;;;;;;;;;;;;;;;
15;13-ene-2023;76954;Cali;Valle;76;femenino;contributivo;otro;3-feb-2022;26-ene-2022;22-ene-2022;31-ene-2022;carcinoma ductal;in-situ;27-mar-2023;15-abr-2023;;;;;;;;;;;;;;;;;;;;
16;16-ene-2023;76965;Cali;Valle;60;femenino;subsidiado;otro;5-ene-2023;21-feb-2022;22-dic-2022;29-dic-2022;#N/A;infiltrante;27-mar-2023;15-abr-2023;;;;;;;;;;;;;;;;;;;;
17;16-ene-2023;76967;Cali;Valle;58;femenino;contributivo;otro;11-ene-2023;22-dic-2022;  -   -;6-ene-2023;carcinoma ductal;in-situ;27-mar-2023;15-abr-2023;;;;;;;;;;;;;;;;;;;;
18;16-ene-2023;76973;Cali;Valle;81;femenino;contributivo;otro;11-ene-2023;1-abr-2020;26-nov-2022;30-nov-2022;carcinoma ductal;infiltrante;27-mar-2023;15-abr-2023;;;;;;;;;;;;;;;;;;;;
19;17-ene-2023;76966;Cali;Valle;56;femenino;contributivo;otro;19-dic-2022;1-dic-2022;7-dic-2022;15-dic-2022;#N/A;infiltrante;27-mar-2023;15-abr-2023;;;;;;;;;;;;;;;;;;;;
20;17-ene-2023;76968;Cali;Valle;50;femenino;contributivo;otro;19-dic-2022;19-nov-2022;5-dic-2022;14-dic-2022;carcinoma ductal;infiltrante;27-mar-2023;15-abr-2023;;;;;;;;;;;;;;;;;;;;
21;17-ene-2023;76970;Cali;Valle;39;femenino;contributivo;otro;20-dic-2022;24-nov-2022;10-dic-2022;19-dic-2022;carcinoma ductal;infiltrante;27-mar-2023;15-abr-2023;;;;;;;;;;;;;;;;;;;;
22;17-ene-2023;76977;Cali;Valle;50;femenino;contributivo;otro;5-dic-2022;5-dic-2022;10-nov-2022;27-nov-2022;carcinoma ductal;infiltrante;27-mar-2023;15-abr-2023;;;;;;;;;;;;;;;;;;;;
23;18-ene-2023;76963;Cali;Valle;66;femenino;contributivo;otro;17-ene-2023;1-nov-2022;14-dic-2022;23-dic-2022;carcinoma ductal;infiltrante;27-mar-2023;15-abr-2023;;;;;;;;;;;;;;;;;;;;
24;18-ene-2023;76969;Cali;Valle;44;femenino;contributivo;otro;17-ene-2023;1-nov-2022;27-dic-2022;2-ene-2023;carcinoma ductal;infiltrante;27-mar-2023;15-abr-2023;;;;;;;;;;;;;;;;;;;;
25;18-ene-2023;76971;Cali;Valle;51;femenino;contributivo;otro;11-nov-2022;1-oct-2022;18-nov-2022;28-nov-2022;carcinoma ductal;infiltrante;27-mar-2023;15-abr-2023;;;;;;;;;;;;;;;;;;;;
26;18-ene-2023;76972;Cali;Valle;60;femenino;contributivo;otro;30-nov-2022;25-oct-2022;26-oct-2022;26-oct-2022;carcinoma ductal;infiltrante;27-mar-2023;15-abr-2023;;;;;;;;;;;;;;;;;;;;
27;18-ene-2023;76974;Cali;Valle;50;femenino;contributivo;otro;30-nov-2022;1-nov-2022;15-nov-2022;25-nov-2022;carcinoma ductal;infiltrante;27-mar-2023;15-abr-2023;;;;;;;;;;;;;;;;;;;;
28;18-ene-2023;76976;Cali;Valle;49;femenino;contributivo;otro;12-ene-2023;19-nov-2022;21-dic-2022;6-ene-2023;carcinoma ductal;in-situ;27-mar-2023;15-abr-2023;;;;;;;;;;;;;;;;;;;;
29;20-ene-2023;76962;Cali;Valle;55;femenino;contributivo;otro;19-ene-2023;28-oct-2022;28-oct-2022;28-oct-2022;carcinoma ductal;infiltrante;27-mar-2023;15-abr-2023;;;;;;;;;;;;;;;;;;;;
30;20-ene-2023;76964;Cali;Valle;55;femenino;contributivo;otro;19-ene-2023;11-ene-2023;11-ene-2023;11-ene-2023;carcinoma ductal;no indicado;27-mar-2023;15-abr-2023;;;;;;;;;;;;;;;;;;;;
31;20-ene-2023;76975;Cali;Valle;71;femenino;contributivo;otro;20-ene-2023;1-jul-2022;4-oct-2022;23-nov-2022;carcinoma ductal;infiltrante;27-mar-2023;15-abr-2023;;;;;;;;;;;;;;;;;;;;
32;20-ene-2023;76978;Cali;Valle;66;femenino;contributivo;otro;11-oct-2022;20-sep-2022;20-sep-2022;11-oct-2022;carcinoma ductal;in-situ;27-mar-2023;15-abr-2023;;;;;;;;;;;;;;;;;;;;
33;23-ene-2023;76979;Cali;Valle;58;femenino;contributivo;otro;4-ene-2023;26-oct-2022;22-nov-2022;28-nov-2022;carcinoma ductal;infiltrante;27-mar-2023;15-abr-2023;;;;;;;;;;;;;;;;;;;;
34;23-ene-2023;76981;Cali;Valle;63;femenino;contributivo;afrocolombiano;30-dic-2022;6-ene-2022;14-dic-2022;23-dic-2022;carcinoma ductal;infiltrante;27-mar-2023;15-abr-2023;;;;;;;;;;;;;;;;;;;;
35;23-ene-2023;76982;Cali;Valle;57;femenino;contributivo;otro;5-ene-2023;15-oct-2022;21-dic-2022;30-dic-2022;carcinoma lobulillar;infiltrante;27-mar-2023;15-abr-2023;;;;;;;;;;;;;;;;;;;;
36;23-ene-2023;76983;Cali;Valle;41;femenino;contributivo;otro;4-ene-2023;10-sep-2022;15-dic-2022;24-dic-2022;carcinoma ductal;infiltrante;27-mar-2023;15-abr-2023;;;;;;;;;;;;;;;;;;;;
37;23-ene-2023;76984;Cali;Valle;56;femenino;contributivo;otro;4-ene-2023;12-oct-2022;21-dic-2022;29-dic-2022;carcinoma ductal;infiltrante;27-mar-2023;15-abr-2023;;;;;;;;;;;;;;;;;;;;
38;23-ene-2023;76985;Cali;Valle;52;femenino;contributivo;otro;30-dic-2022;31-oct-2022;29-nov-2022;30-nov-2022;carcinoma ductal;in-situ;27-mar-2023;15-abr-2023;;;;;;;;;;;;;;;;;;;;
39;23-ene-2023;76986;Cali;Valle;68;femenino;contributivo;otro;5-ene-2023;15-oct-2022;22-dic-2022;3-ene-2023;#N/A;infiltrante;27-mar-2023;15-abr-2023;;;;;;;;;;;;;;;;;;;;
40;23-ene-2023;76988;Cali;Valle;57;femenino;contributivo;otro;30-dic-2022;18-nov-2022;17-dic-2022;22-dic-2022;carcinoma ductal;infiltrante;27-mar-2023;15-abr-2023;;;;;;;;;;;;;;;;;;;;
41;23-ene-2023;76989;Cali;Valle;55;femenino;contributivo;otro;30-dic-2022;6-ene-2022;14-dic-2022;23-dic-2022;carcinoma ductal;infiltrante;27-mar-2023;15-abr-2023;;;;;;;;;;;;;;;;;;;;
42;23-ene-2023;76991;Cali;Valle;53;femenino;contributivo;otro;4-ene-2023;12-oct-2022;22-dic-2022;29-dic-2022;carcinoma ductal;in-situ;27-mar-2023;15-abr-2023;;;;;;;;;;;;;;;;;;;;
43;23-ene-2023;76994;Cali;Valle;49;femenino;subsidiado;otro;5-ene-2023;1-sep-2022;22-dic-2022;30-dic-2022;carcinoma ductal;infiltrante;27-mar-2023;15-abr-2023;;;;;;;;;;;;;;;;;;;;
44;23-ene-2023;76995;Cali;Valle;33;femenino;contributivo;otro;4-ene-2023;18-oct-2022;9-dic-2022;19-dic-2022;carcinoma ductal;in-situ;27-mar-2023;15-abr-2023;;;;;;;;;;;;;;;;;;;;
45;23-ene-2023;76997;Cali;Valle;68;femenino;contributivo;otro;23-ene-2023;2-ene-2023;2-ene-2023;2-ene-2023;carcinoma ductal;no indicado;27-mar-2023;15-abr-2023;;;;;;;;;;;;;;;;;;;;
46;23-ene-2023;76998;Cali;Valle;84;femenino;contributivo;otro;4-ene-2023;26-sep-2022;9-dic-2022;19-dic-2022;carcinoma ductal;in-situ;27-mar-2023;15-abr-2023;;;;;;;;;;;;;;;;;;;;
47;23-ene-2023;77000;Cali;Valle;49;femenino;contributivo;otro;30-dic-2022;6-sep-2022;14-dic-2022;23-dic-2022;carcinoma ductal;infiltrante;27-mar-2023;15-abr-2023;;;;;;;;;;;;;;;;;;;;
48;26-ene-2023;76980;Cali;Valle;61;femenino;contributivo;otro;13-ene-2023;1-nov-2020;15-dic-2022;24-dic-2022;carcinoma ductal;infiltrante;27-mar-2023;15-abr-2023;;;;;;;;;;;;;;;;;;;;
49;26-ene-2023;76987;Cali;Valle;70;femenino;contributivo;otro;18-ene-2023;6-ene-2023;6-ene-2023;12-ene-2023;carcinoma ductal;infiltrante;27-mar-2023;15-abr-2023;;;;;;;;;;;;;;;;;;;;
50;26-ene-2023;76992;Cali;Valle;83;femenino;contributivo;otro;10-ene-2023;1-ene-2019;28-dic-2022;28-dic-2022;carcinoma lobulillar;infiltrante;27-mar-2023;15-abr-2023;;;;;;;;;;;;;;;;;;;;
51;26-ene-2023;76996;Cali;Valle;51;femenino;contributivo;otro;11-ene-2023;1-dic-2022;1-dic-2022;7-dic-2022;carcinoma ductal;infiltrante;27-mar-2023;15-abr-2023;;;;;;;;;;;;;;;;;;;;
52;26-ene-2023;76999;Cali;Valle;61;femenino;contributivo;otro;16-ene-2023;15-dic-2022;5-ene-2023;12-ene-2023;carcinoma ductal;infiltrante;27-mar-2023;15-abr-2023;;;;;;;;;;;;;;;;;;;;
53;26-ene-2023;77001;Cali;Valle;65;femenino;subsidiado;otro;23-ene-2023;3-ene-2023;11-ene-2023;18-ene-2023;carcinoma ductal;infiltrante;27-mar-2023;15-abr-2023;;;;;;;;;;;;;;;;;;;;
54;26-ene-2023;77002;Cali;Valle;40;femenino;contributivo;otro;19-ene-2023;22-dic-2022;5-ene-2023;13-ene-2023;carcinoma ductal;infiltrante;27-mar-2023;15-abr-2023;;;;;;;;;;;;;;;;;;;;
55;26-ene-2023;77003;Cali;Valle;60;femenino;contributivo;otro;19-ene-2023;18-nov-2022;29-dic-2022;6-ene-2023;carcinoma ductal;in-situ;27-mar-2023;15-abr-2023;;;;;;;;;;;;;;;;;;;;
56;26-ene-2023;77005;Cali;Valle;60;femenino;subsidiado;otro;19-ene-2023;13-may-2020;14-dic-2022;26-dic-2022;carcinoma ductal;infiltrante;27-mar-2023;15-abr-2023;;;;;;;;;;;;;;;;;;;;
57;27-ene-2023;76990;Cali;Valle;23;femenino;contributivo;otro;27-ene-2023;23-ene-2023;16-ene-2023;23-ene-2023;carcinoma ductal;no indicado;27-mar-2023;15-abr-2023;;;;;;;;;;;;;;;;;;;;
58;27-ene-2023;76993;Cali;Valle;71;femenino;subsidiado;otro;25-ene-2023;11-ene-2023;18-ene-2023;23-ene-2023;carcinoma ductal;infiltrante;27-mar-2023;15-abr-2023;;;;;;;;;;;;;;;;;;;;
59;28-ene-2023;77004;Cali;Valle;74;femenino;subsidiado;otro;5-ene-2023;9-oct-2022;6-ene-2023;24-ene-2023;carcinoma ductal;infiltrante;27-mar-2023;15-abr-2023;;;;;;;;;;;;;;;;;;;;
60;28-ene-2023;77006;Cali;Valle;58;femenino;contributivo;otro;14-ene-2023;10-oct-2022;14-ene-2023;28-ene-2023;carcinoma ductal;infiltrante;27-mar-2023;15-abr-2023;;;;;;;;;;;;;;;;;;;;
61;30-ene-2023;77009;Cali;Valle;66;femenino;contributivo;otro;28-ene-2023;12-dic-2022;19-ene-2023;25-ene-2023;carcinoma ductal;infiltrante;27-mar-2023;15-abr-2023;;;;;;;;;;;;;;;;;;;;
62;30-ene-2023;77015;Cali;Valle;58;femenino;contributivo;otro;27-ene-2023;17-ene-2023;17-ene-2023;17-ene-2023;carcinoma ductal;infiltrante;27-mar-2023;15-abr-2023;;;;;;;;;;;;;;;;;;;;
63;30-ene-2023;77020;Cali;Valle;53;femenino;contributivo;otro;27-ene-2023;16-dic-2022;16-dic-2022;16-dic-2022;carcinoma ductal;no indicado;27-mar-2023;15-abr-2023;;;;;;;;;;;;;;;;;;;;
64;31-ene-2023;77011;Cali;Valle;49;femenino;contributivo;otro;18-ene-2023;29-dic-2022;4-ene-2023;13-ene-2023;carcinoma ductal;infiltrante;27-mar-2023;15-abr-2023;;;;;;;;;;;;;;;;;;;;
65;31-ene-2023;77017;Cali;Valle;67;femenino;contributivo;otro;31-ene-2023;19-ene-2023;19-ene-2023;26-ene-2023;carcinoma ductal;in-situ;27-mar-2023;15-abr-2023;;;;;;;;;;;;;;;;;;;;
66;31-ene-2023;77031;Cali;Valle;39;femenino;contributivo;otro;23-ene-2023;1-oct-2022;4-ene-2023;12-ene-2023;carcinoma ductal;infiltrante;27-mar-2023;15-abr-2023;;;;;;;;;;;;;;;;;;;;
67;1-feb-2023;77010;Cali;Valle;60;femenino;contributivo;otro;26-ene-2023;7-ene-2023;18-ene-2023;24-ene-2023;carcinoma ductal;in-situ;27-mar-2023;15-abr-2023;;;;;;;;;;;;;;;;;;;;
68;1-feb-2023;77019;Cali;Valle;84;femenino;contributivo;otro;31-ene-2023;1-dic-2022;16-ene-2023;20-ene-2023;carcinoma ductal;infiltrante;27-mar-2023;15-abr-2023;;;;;;;;;;;;;;;;;;;;
69;1-feb-2023;77024;Cali;Valle;68;femenino;contributivo;otro;27-ene-2023;1-ene-2023;18-ene-2023;20-ene-2023;carcinoma ductal;infiltrante;27-mar-2023;15-abr-2023;;;;;;;;;;;;;;;;;;;;
70;1-feb-2023;77026;Cali;Valle;57;femenino;contributivo;otro;31-ene-2023;30-nov-2022;11-ene-2023;16-ene-2023;carcinoma ductal;infiltrante;27-mar-2023;15-abr-2023;;;;;;;;;;;;;;;;;;;;
71;2-feb-2023;77014;Cali;Valle;67;femenino;contributivo;otro;2-feb-2023;25-ago-2022;23-ene-2023;26-ene-2023;carcinoma ductal;infiltrante;27-mar-2023;15-abr-2023;;;;;;;;;;;;;;;;;;;;
72;2-feb-2023;77018;Cali;Valle;89;femenino;contributivo;otro;1-feb-2023;1-jul-2022;12-ene-2023;18-ene-2023;carcinoma ductal;infiltrante;27-mar-2023;15-abr-2023;;;;;;;;;;;;;;;;;;;;
73;3-feb-2023;77007;Cali;Valle;74;femenino;contributivo;otro;19-dic-2022;9-nov-2022;22-dic-2022;2-ene-2023;carcinoma ductal;infiltrante;27-mar-2023;15-abr-2023;;;;;;;;;;;;;;;;;;;;
74;3-feb-2023;77008;Cali;Valle;70;femenino;contributivo;otro;2-feb-2023;22-jul-2022;26-ene-2023;26-ene-2023;carcinoma ductal;no indicado;27-mar-2023;15-abr-2023;;;;;;;;;;;;;;;;;;;;
75;3-feb-2023;77012;Cali;Valle;53;femenino;contributivo;otro;24-nov-2022;10-nov-2022;30-nov-2022;2-dic-2022;carcinoma ductal;infiltrante;27-mar-2023;15-abr-2023;;;;;;;;;;;;;;;;;;;;
76;3-feb-2023;77013;Cali;Valle;45;femenino;contributivo;otro;31-oct-2022;23-sep-2022;9-nov-2022;18-nov-2022;carcinoma ductal;in-situ;27-mar-2023;15-abr-2023;;;;;;;;;;;;;;;;;;;;
77;3-feb-2023;77016;Cali;Valle;59;femenino;contributivo;otro;11-nov-2022;28-jun-2022;23-nov-2022;30-nov-2022;carcinoma ductal;infiltrante;27-mar-2023;15-abr-2023;;;;;;;;;;;;;;;;;;;;
78;3-feb-2023;77021;Cali;Valle;62;femenino;contributivo;otro;30-nov-2022;16-nov-2022;7-dic-2022;20-dic-2022;carcinoma ductal;infiltrante;27-mar-2023;15-abr-2023;;;;;;;;;;;;;;;;;;;;
79;3-feb-2023;77022;Cali;Valle;52;femenino;contributivo;otro;30-nov-2022;5-nov-2022;20-nov-2022;30-nov-2022;carcinoma ductal;infiltrante;27-mar-2023;15-abr-2023;;;;;;;;;;;;;;;;;;;;
80;3-feb-2023;77023;Cali;Valle;59;femenino;contributivo;otro;9-nov-2022;19-oct-2022;17-nov-2022;26-nov-2022;carcinoma ductal;infiltrante;27-mar-2023;15-abr-2023;;;;;;;;;;;;;;;;;;;;
81;3-feb-2023;77025;Cali;Valle;56;femenino;contributivo;otro;19-dic-2022;18-nov-2022;22-dic-2022;30-dic-2022;carcinoma ductal;infiltrante;27-mar-2023;15-abr-2023;;;;;;;;;;;;;;;;;;;;
82;3-feb-2023;77027;Cali;Valle;45;femenino;contributivo;otro;22-nov-2022;31-oct-2022;1-dic-2022;7-dic-2022;carcinoma ductal;infiltrante;27-mar-2023;15-abr-2023;;;;;;;;;;;;;;;;;;;;
83;3-feb-2023;77028;Cali;Valle;74;femenino;contributivo;otro;16-nov-2022;21-jul-2022;23-nov-2022;20-dic-2022;carcinoma ductal;infiltrante;27-mar-2023;15-abr-2023;;;;;;;;;;;;;;;;;;;;
84;3-feb-2023;77029;Cali;Valle;85;femenino;contributivo;otro;30-nov-2022;16-nov-2022;1-dic-2022;13-dic-2022;carcinoma ductal;in-situ;27-mar-2023;15-abr-2023;;;;;;;;;;;;;;;;;;;;
85;3-feb-2023;77030;Cali;Valle;65;femenino;contributivo;otro;16-nov-2022;26-oct-2022;23-nov-2022;30-dic-2022;carcinoma ductal;no indicado;27-mar-2023;15-abr-2023;;;;;;;;;;;;;;;;;;;;
86;3-feb-2023;77032;Cali;Valle;48;femenino;contributivo;otro;1-dic-2022;20-oct-2022;24-nov-2022;28-nov-2022;carcinoma ductal;infiltrante;27-mar-2023;15-abr-2023;;;;;;;;;;;;;;;;;;;;
87;3-feb-2023;77033;Cali;Valle;91;femenino;contributivo;otro;6-dic-2022;27-ago-2022;25-nov-2022;28-nov-2022;carcinoma ductal;infiltrante;27-mar-2023;15-abr-2023;;;;;;;;;;;;;;;;;;;;
88;6-feb-2023;77038;Cali;Valle;58;femenino;contributivo;otro;24-ene-2023;1-dic-2022;11-ene-2023;21-ene-2023;carcinoma ductal;infiltrante;27-mar-2023;15-abr-2023;;;;;;;;;;;;;;;;;;;;
89;6-feb-2023;77039;Cali;Valle;41;femenino;contributivo;otro;24-ene-2023;1-ene-2023;10-ene-2023;21-ene-2023;carcinoma ductal;infiltrante;27-mar-2023;15-abr-2023;;;;;;;;;;;;;;;;;;;;
90;6-feb-2023;77040;Cali;Valle;62;femenino;contributivo;otro;4-ene-2023;20-dic-2022;5-ene-2023;17-ene-2023;carcinoma ductal;infiltrante;27-mar-2023;15-abr-2023;;;;;;;;;;;;;;;;;;;;
91;6-feb-2023;77041;Cali;Valle;53;femenino;contributivo;otro;6-feb-2023;31-ene-2023;31-ene-2023;31-ene-2023;carcinoma ductal;no indicado;27-mar-2023;15-abr-2023;;;;;;;;;;;;;;;;;;;;
92;6-feb-2023;77044;Cali;Valle;62;femenino;contributivo;otro;18-ene-2023;18-ene-2023;25-ene-2023;6-feb-2023;carcinoma ductal;infiltrante;27-mar-2023;15-abr-2023;;;;;;;;;;;;;;;;;;;;
93;6-feb-2023;77046;Cali;Valle;34;femenino;contributivo;otro;2-feb-2023;17-oct-2022;30-ene-2023;6-feb-2023;carcinoma ductal;infiltrante;27-mar-2023;15-abr-2023;;;;;;;;;;;;;;;;;;;;
94;6-feb-2023;77048;Cali;Valle;52;femenino;contributivo;otro;2-ene-2023;1-oct-2022;23-dic-2022;27-dic-2022;carcinoma ductal;infiltrante;27-mar-2023;15-abr-2023;;;;;;;;;;;;;;;;;;;;
95;6-feb-2023;77049;Cali;Valle;48;femenino;contributivo;otro;6-feb-2023;16-nov-2022;1-feb-2023;1-feb-2023;carcinoma ductal;no indicado;27-mar-2023;15-abr-2023;;;;;;;;;;;;;;;;;;;;
96;6-feb-2023;77051;Cali;Valle;47;femenino;contributivo;otro;27-ene-2023;3-oct-2022;19-ene-2023;25-ene-2023;carcinoma ductal;infiltrante;27-mar-2023;15-abr-2023;;;;;;;;;;;;;;;;;;;;
97;6-feb-2023;77052;Cali;Valle;33;femenino;contributivo;otro;27-dic-2022;20-sep-2022;20-nov-2022;29-nov-2022;carcinoma ductal;infiltrante;27-mar-2023;15-abr-2023;;;;;;;;;;;;;;;;;;;;
98;6-feb-2023;77054;Cali;Valle;58;femenino;contributivo;otro;1-feb-2023;6-ene-2023;23-ene-2023;24-ene-2023;carcinoma ductal;no indicado;27-mar-2023;15-abr-2023;;;;;;;;;;;;;;;;;;;;
99;6-feb-2023;77055;Cali;Valle;52;femenino;subsidiado;otro;6-feb-2023;7-dic-2022;19-dic-2022;22-dic-2022;carcinoma ductal;infiltrante;27-mar-2023;15-abr-2023;;;;;;;;;;;;;;;;;;;;
100;6-feb-2023;77056;Cali;Valle;64;femenino;contributivo;otro;3-feb-2023;1-ene-2023;25-ene-2023;31-ene-2023;carcinoma ductal;in-situ;27-mar-2023;15-abr-2023;;;;;;;;;;;;;;;;;;;;
101;6-feb-2023;77057;Cali;Valle;63;femenino;contributivo;otro;25-ene-2023;1-ene-2023;5-ene-2023;12-ene-2023;carcinoma ductal;infiltrante;27-mar-2023;15-abr-2023;;;;;;;;;;;;;;;;;;;;
102;6-feb-2023;77059;Cali;Valle;66;femenino;contributivo;otro;1-feb-2023;13-sep-2022;23-ene-2023;30-ene-2023;carcinoma ductal;infiltrante;27-mar-2023;15-abr-2023;;;;;;;;;;;;;;;;;;;;
103;7-feb-2023;77036;Cali;Valle;69;femenino;contributivo;otro;7-feb-2023;26-ene-2023;26-ene-2023;31-ene-2023;carcinoma ductal;infiltrante;27-mar-2023;15-abr-2023;;;;;;;;;;;;;;;;;;;;
104;7-feb-2023;77042;Cali;Valle;44;femenino;subsidiado;otro;1-feb-2023;20-dic-2022;24-ene-2023;30-ene-2023;carcinoma ductal;infiltrante;27-mar-2023;15-abr-2023;;;;;;;;;;;;;;;;;;;;
105;7-feb-2023;77043;Cali;Valle;53;femenino;contributivo;otro;7-feb-2023;1-jul-2022;27-ene-2023;1-feb-2023;carcinoma ductal;infiltrante;27-mar-2023;15-abr-2023;;;;;;;;;;;;;;;;;;;;
106;7-feb-2023;77058;Cali;Valle;56;femenino;contributivo;otro;20-ene-2023;3-mar-2022;12-ene-2023;24-ene-2023;carcinoma ductal;infiltrante;27-mar-2023;15-abr-2023;;;;;;;;;;;;;;;;;;;;
107;7-feb-2023;77061;Cali;Valle;86;femenino;contributivo;otro;21-ene-2023;9-ene-2022;31-dic-2022;14-ene-2023;carcinoma ductal;infiltrante;27-mar-2023;15-abr-2023;;;;;;;;;;;;;;;;;;;;
108;7-feb-2023;77063;Cali;Valle;60;femenino;contributivo;otro;12-ene-2023;13-nov-2022;3-ene-2023;18-ene-2023;carcinoma ductal;infiltrante;27-mar-2023;15-abr-2023;;;;;;;;;;;;;;;;;;;;
109;7-feb-2023;77064;Cali;Valle;42;femenino;contributivo;otro;10-ene-2023;20-nov-2022;27-dic-2022;11-ene-2023;carcinoma ductal;infiltrante;27-mar-2023;15-abr-2023;;;;;;;;;;;;;;;;;;;;
110;7-feb-2023;77065;Cali;Valle;68;femenino;excepcion;otro;11-ene-2023;20-mar-2022;12-dic-2022;27-dic-2022;carcinoma ductal;infiltrante;27-mar-2023;15-abr-2023;;;;;;;;;;;;;;;;;;;;
111;8-feb-2023;77047;Cali;Valle;41;femenino;contributivo;otro;7-feb-2023;1-dic-2022;31-ene-2023;3-feb-2023;carcinoma ductal;infiltrante;27-mar-2023;15-abr-2023;;;;;;;;;;;;;;;;;;;;
112;8-feb-2023;77050;Cali;Valle;82;femenino;contributivo;otro;7-feb-2023;1-ene-2022;20-ene-2023;20-ene-2023;carcinoma ductal;infiltrante;27-mar-2023;15-abr-2023;;;;;;;;;;;;;;;;;;;;
113;8-feb-2023;77060;Cali;Valle;63;femenino;contributivo;otro;26-ene-2023;3-abr-2022;25-ene-2023;2-feb-2023;carcinoma ductal;infiltrante;27-mar-2023;15-abr-2023;;;;;;;;;;;;;;;;;;;;
114;9-feb-2023;77062;Cali;Valle;74;femenino;contributivo;otro;2-feb-2023;2-ene-2023;2-feb-2023;9-feb-2023;carcinoma ductal;infiltrante;27-mar-2023;15-abr-2023;;;;;;;;;;;;;;;;;;;;
115;10-feb-2023;77034;Cali;Valle;60;femenino;contributivo;otro;6-feb-2023;14-ene-2023;26-ene-2023;2-feb-2023;carcinoma ductal;in-situ;27-mar-2023;15-abr-2023;;;;;;;;;;;;;;;;;;;;
116;10-feb-2023;77035;Cali;Valle;61;femenino;contributivo;otro;6-feb-2023;1-dic-2022;27-ene-2023;31-ene-2023;carcinoma ductal;in-situ;27-mar-2023;15-abr-2023;;;;;;;;;;;;;;;;;;;;
117;10-feb-2023;77037;Cali;Valle;72;femenino;contributivo;otro;3-feb-2023;10-oct-2022;26-ene-2023;1-feb-2023;carcinoma ductal;infiltrante;27-mar-2023;15-abr-2023;;;;;;;;;;;;;;;;;;;;
118;10-feb-2023;77045;Cali;Valle;65;femenino;contributivo;otro;3-feb-2023;19-ene-2023;19-ene-2023;27-ene-2023;carcinoma ductal;in-situ;27-mar-2023;15-abr-2023;;;;;;;;;;;;;;;;;;;;
119;10-feb-2023;77053;Cali;Valle;72;femenino;contributivo;otro;10-feb-2023;1-feb-2023;2-feb-2023;7-feb-2023;carcinoma ductal;infiltrante;27-mar-2023;15-abr-2023;;;;;;;;;;;;;;;;;;;;
120;13-feb-2023;77067;Cali;Valle;63;femenino;contributivo;otro;13-feb-2023;2-feb-2023;2-feb-2023;8-feb-2023;carcinoma ductal;in-situ;27-mar-2023;15-abr-2023;;;;;;;;;;;;;;;;;;;;
121;13-feb-2023;77071;Cali;Valle;66;femenino;contributivo;raizal ;10-feb-2023;6-ene-2023;2-feb-2023;10-feb-2023;carcinoma ductal;in-situ;27-mar-2023;15-abr-2023;;;;;;;;;;;;;;;;;;;;
122;15-feb-2023;77073;Cali;Valle;29;masculino;contributivo;#N/A;15-feb-2023;15-feb-2023;12-ene-2023;18-ene-2023;carcinoma ductal;in-situ;27-mar-2023;15-abr-2023;;;;;;;;;;;;;;;;;;;;
123;16-feb-2023;77068;Cali;Valle;45;femenino;contributivo;otro;16-feb-2023;15-dic-2022;9-feb-2023;9-feb-2023;carcinoma ductal;no indicado;27-mar-2023;15-abr-2023;;;;;;;;;;;;;;;;;;;;
124;16-feb-2023;77070;Cali;Valle;74;femenino;contributivo;otro;15-feb-2023;23-ene-2023;3-feb-2023;3-feb-2023;carcinoma lobulillar;no indicado;27-mar-2023;15-abr-2023;;;;;;;;;;;;;;;;;;;;
125;16-feb-2023;77072;Cali;Valle;66;femenino;contributivo;otro;9-feb-2023;9-feb-2023;9-feb-2023;15-feb-2023;carcinoma ductal;no indicado;27-mar-2023;15-abr-2023;;;;;;;;;;;;;;;;;;;;
126;17-feb-2023;77066;Cali;Valle;72;femenino;contributivo;otro;16-feb-2023;1-dic-2022;6-feb-2023;6-feb-2023;carcinoma ductal;infiltrante;27-mar-2023;15-abr-2023;;;;;;;;;;;;;;;;;;;;
127;17-feb-2023;77069;Cali;Valle;42;femenino;subsidiado;otro;16-feb-2023;16-jul-2022;26-ene-2023;9-feb-2023;carcinoma ductal;infiltrante;27-mar-2023;15-abr-2023;;;;;;;;;;;;;;;;;;;;
128;20-feb-2023;77080;Cali;Valle;49;femenino;contributivo;otro;8-feb-2023;13-dic-2021;19-ene-2023;27-ene-2023;carcinoma ductal;infiltrante;27-mar-2023;15-abr-2023;;;;;;;;;;;;;;;;;;;;
129;21-feb-2023;77077;Cali;Valle;50;femenino;subsidiado;otro;20-feb-2023;21-ago-2022;21-oct-2022;21-oct-2022;carcinoma ductal;infiltrante;27-mar-2023;15-abr-2023;;;;;;;;;;;;;;;;;;;;
130;22-feb-2023;77074;Cali;Valle;76;femenino;contributivo;otro;21-feb-2023;19-dic-2022;20-dic-2022;20-dic-2022;carcinoma ductal;in-situ;27-mar-2023;15-abr-2023;;;;;;;;;;;;;;;;;;;;
131;22-feb-2023;77081;Cali;Valle;74;femenino;excepcion;otro;21-feb-2023;25-ene-2023;30-ene-2023;30-ene-2023;carcinoma ductal;infiltrante;27-mar-2023;15-abr-2023;;;;;;;;;;;;;;;;;;;;
132;23-feb-2023;77078;Cali;Valle;77;femenino;contributivo;otro;21-feb-2023;12-ene-2023;2-feb-2023;2-feb-2023;carcinoma ductal;no indicado;27-mar-2023;15-abr-2023;;;;;;;;;;;;;;;;;;;;
133;24-feb-2023;77076;Cali;Valle;71;femenino;contributivo;otro;23-feb-2023;22-dic-2022;15-feb-2023;17-feb-2023;carcinoma ductal;in-situ;27-mar-2023;15-abr-2023;;;;;;;;;;;;;;;;;;;;
134;24-feb-2023;77079;Cali;Valle;92;femenino;contributivo;otro;19-ene-2023;19-ene-2023;19-ene-2023;31-ene-2023;carcinoma ductal;in-situ;27-mar-2023;15-abr-2023;;;;;;;;;;;;;;;;;;;;
135;25-feb-2023;77075;Cali;Valle;66;femenino;contributivo;raizal ;24-feb-2023;16-ene-2023;13-feb-2023;21-feb-2023;carcinoma lobulillar;infiltrante;27-mar-2023;15-abr-2023;;;;;;;;;;;;;;;;;;;;
136;27-feb-2023;77084;Cali;Valle;54;femenino;contributivo;otro;16-feb-2023;16-ene-2023;16-feb-2023;22-feb-2023;carcinoma ductal;infiltrante;27-mar-2023;15-abr-2023;;;;;;;;;;;;;;;;;;;;
137;28-feb-2023;77082;Cali;Valle;41;femenino;contributivo;otro;28-feb-2023;1-abr-2022;14-dic-2022;14-dic-2022;carcinoma ductal;infiltrante;27-mar-2023;15-abr-2023;;;;;;;;;;;;;;;;;;;;
138;28-feb-2023;77083;Cali;Valle;81;femenino;contributivo;otro;28-feb-2023;1-feb-2021;21-feb-2023;21-feb-2023;carcinoma ductal;infiltrante;27-mar-2023;15-abr-2023;;;;;;;;;;;;;;;;;;;;
139;28-feb-2023;77087;Cali;Valle;48;femenino;contributivo;otro;25-feb-2023;13-feb-2020;20-ene-2023;20-ene-2023;carcinoma lobulillar;in-situ;27-mar-2023;15-abr-2023;;;;;;;;;;;;;;;;;;;;
140;28-feb-2023;77088;Cali;Valle;60;femenino;contributivo;otro;25-feb-2023;16-jun-2022;17-feb-2023;17-feb-2023;carcinoma ductal;no indicado;27-mar-2023;15-abr-2023;;;;;;;;;;;;;;;;;;;;
141;28-feb-2023;77090;Cali;Valle;74;femenino;contributivo;otro;21-feb-2023;10-ene-2023;22-feb-2023;27-feb-2023;carcinoma lobulillar;in-situ;27-mar-2023;15-abr-2023;;;;;;;;;;;;;;;;;;;;
142;28-feb-2023;77091;Cali;Valle;60;femenino;contributivo;otro;22-feb-2023;10-ene-2023;23-feb-2023;28-feb-2023;carcinoma ductal;in-situ;27-mar-2023;15-abr-2023;;;;;;;;;;;;;;;;;;;;
143;28-feb-2023;77093;Cali;Valle;56;femenino;contributivo;otro;24-feb-2023;1-feb-2022;28-ene-2023;28-ene-2023;carcinoma ductal;infiltrante;27-mar-2023;15-abr-2023;;;;;;;;;;;;;;;;;;;;
144;28-feb-2023;77096;Cali;Valle;85;femenino;contributivo;otro;23-feb-2023;21-feb-2023;16-feb-2023;21-feb-2023;carcinoma ductal;in-situ;27-mar-2023;15-abr-2023;;;;;;;;;;;;;;;;;;;;
145;1-mar-2023;77089;Cali;Valle;55;femenino;contributivo;otro;1-mar-2023;26-feb-2023;26-feb-2023;26-feb-2023;carcinoma ductal;infiltrante;27-mar-2023;15-abr-2023;;;;;;;;;;;;;;;;;;;;
146;1-mar-2023;77095;Cali;Valle;71;femenino;subsidiado;otro;1-mar-2023;9-feb-2023;21-feb-2023;27-feb-2023;carcinoma lobulillar;infiltrante;27-mar-2023;15-abr-2023;;;;;;;;;;;;;;;;;;;;
147;3-mar-2023;77085;Cali;Valle;55;femenino;subsidiado;otro;2-mar-2023;14-feb-2023;21-feb-2023;27-feb-2023;carcinoma ductal;infiltrante;27-mar-2023;15-abr-2023;;;;;;;;;;;;;;;;;;;;
148;3-mar-2023;77092;Cali;Valle;86;femenino;subsidiado;otro;2-mar-2023;14-feb-2023;21-feb-2023;27-feb-2023;carcinoma ductal;infiltrante;27-mar-2023;15-abr-2023;;;;;;;;;;;;;;;;;;;;
149;3-mar-2023;77094;Cali;Valle;49;femenino;no afiliado;otro;1-sep-2022;4-ago-2022;26-ago-2022;30-ago-2022;carcinoma lobulillar;no indicado;27-mar-2023;15-abr-2023;;;;;;;;;;;;;;;;;;;;
150;4-mar-2023;77086;Cali;Valle;44;femenino;contributivo;otro;2-mar-2023;2-nov-2022;7-feb-2023;7-feb-2023;carcinoma ductal;infiltrante;27-mar-2023;15-abr-2023;;;;;;;;;;;;;;;;;;;;
151;6-mar-2023;77097;Cali;Valle;38;femenino;contributivo;otro;15-feb-2023;27-ene-2023;2-feb-2023;10-feb-2023;carcinoma ductal;infiltrante;27-mar-2023;15-abr-2023;;;;;;;;;;;;;;;;;;;;
152;6-mar-2023;77098;Cali;Valle;59;femenino;contributivo;otro;9-feb-2023;24-ene-2023;27-ene-2023;7-feb-2023;carcinoma ductal;in-situ;27-mar-2023;15-abr-2023;;;;;;;;;;;;;;;;;;;;
153;6-mar-2023;77099;Cali;Valle;56;femenino;contributivo;otro;6-mar-2023;9-sep-2022;23-feb-2023;3-mar-2023;carcinoma lobulillar;no indicado;27-mar-2023;15-abr-2023;;;;;;;;;;;;;;;;;;;;
154;6-mar-2023;77100;Cali;Valle;53;femenino;contributivo;otro;22-ago-2022;2-mar-2022;10-ago-2022;21-ago-2022;carcinoma ductal;no indicado;27-mar-2023;15-abr-2023;;;;;;;;;;;;;;;;;;;;
155;6-mar-2023;77104;Cali;Valle;77;femenino;contributivo;otro;8-feb-2023;1-oct-2022;12-nov-2022;26-dic-2022;carcinoma ductal;infiltrante;27-mar-2023;15-abr-2023;;;;;;;;;;;;;;;;;;;;
156;6-mar-2023;77107;Cali;Valle;67;femenino;contributivo;otro;20-feb-2023;25-ene-2023;15-feb-2023;15-feb-2023;carcinoma ductal;infiltrante;27-mar-2023;15-abr-2023;;;;;;;;;;;;;;;;;;;;
157;6-mar-2023;77108;Cali;Valle;59;femenino;contributivo;otro;15-feb-2023;3-ene-2023;10-feb-2023;10-feb-2023;carcinoma ductal;infiltrante;27-mar-2023;15-abr-2023;;;;;;;;;;;;;;;;;;;;
158;6-mar-2023;77110;Cali;Valle;31;femenino;contributivo;otro;17-feb-2023;17-feb-2023;7-feb-2023;14-feb-2023;carcinoma ductal;in-situ;27-mar-2023;15-abr-2023;;;;;;;;;;;;;;;;;;;;
159;6-mar-2023;77113;Cali;Valle;62;femenino;contributivo;otro;15-feb-2023;1-feb-2023;2-feb-2023;13-feb-2023;carcinoma ductal;infiltrante;27-mar-2023;15-abr-2023;;;;;;;;;;;;;;;;;;;;
160;6-mar-2023;77117;Cali;Valle;73;femenino;contributivo;otro;25-abr-2022;1-ene-2021;19-abr-2022;27-abr-2022;carcinoma ductal;in-situ;27-mar-2023;15-abr-2023;;;;;;;;;;;;;;;;;;;;
161;6-mar-2023;77121;Cali;Valle;63;femenino;contributivo;otro;14-feb-2023;26-dic-2022;2-feb-2023;7-feb-2023;carcinoma ductal;in-situ;27-mar-2023;15-abr-2023;;;;;;;;;;;;;;;;;;;;
162;6-mar-2023;77128;Cali;Valle;37;femenino;contributivo;otro;15-feb-2023;1-feb-2023;6-feb-2023;13-feb-2023;carcinoma ductal;infiltrante;27-mar-2023;15-abr-2023;;;;;;;;;;;;;;;;;;;;
163;7-mar-2023;77101;Cali;Valle;65;femenino;contributivo;otro;6-mar-2023;9-sep-2022;23-feb-2023;23-feb-2023;carcinoma ductal;no indicado;27-mar-2023;15-abr-2023;;;;;;;;;;;;;;;;;;;;
164;7-mar-2023;77102;Cali;Valle;56;femenino;contributivo;otro;6-mar-2023;2-jul-2022;27-feb-2023;27-feb-2023;carcinoma ductal;no indicado;27-mar-2023;15-abr-2023;;;;;;;;;;;;;;;;;;;;
165;7-mar-2023;77103;Cali;Valle;73;masculino;contributivo;otro;17-feb-2023;2-feb-2023;9-feb-2023;15-feb-2023;carcinoma ductal;infiltrante;27-mar-2023;15-abr-2023;;;;;;;;;;;;;;;;;;;;
166;7-mar-2023;77112;Cali;Valle;74;femenino;contributivo;otro;21-feb-2023;1-sep-2022;20-dic-2022;3-ene-2023;carcinoma ductal;infiltrante;27-mar-2023;15-abr-2023;;;;;;;;;;;;;;;;;;;;
167;8-mar-2023;77114;Cali;Valle;46;femenino;contributivo;otro;7-mar-2023;1-feb-2023;14-feb-2023;14-feb-2023;carcinoma ductal;infiltrante;27-mar-2023;15-abr-2023;;;;;;;;;;;;;;;;;;;;
168;8-mar-2023;77118;Cali;Valle;74;femenino;contributivo;otro;16-nov-2022;10-jun-2022;20-oct-2022;2-nov-2022;carcinoma ductal;infiltrante;27-mar-2023;15-abr-2023;;;;;;;;;;;;;;;;;;;;
169;8-mar-2023;77119;Cali;Valle;56;femenino;contributivo;otro;1-dic-2022;15-ago-2022;15-nov-2022;29-nov-2022;carcinoma ductal;infiltrante;27-mar-2023;15-abr-2023;;;;;;;;;;;;;;;;;;;;
170;8-mar-2023;77120;Cali;Valle;57;femenino;contributivo;otro;28-ene-2023;10-oct-2022;22-dic-2022;10-ene-2023;carcinoma ductal;in-situ;27-mar-2023;15-abr-2023;;;;;;;;;;;;;;;;;;;;
171;8-mar-2023;77123;Cali;Valle;66;femenino;contributivo;otro;24-nov-2022;10-oct-2022;18-nov-2022;30-nov-2022;carcinoma ductal;in-situ;27-mar-2023;15-abr-2023;;;;;;;;;;;;;;;;;;;;
172;8-mar-2023;77126;Cali;Valle;73;femenino;contributivo;otro;23-feb-2023;23-dic-2022;3-dic-2022;18-dic-2022;carcinoma ductal;infiltrante;27-mar-2023;15-abr-2023;;;;;;;;;;;;;;;;;;;;
173;8-mar-2023;77127;Cali;Valle;79;femenino;contributivo;otro;19-ene-2023;10-ene-2022;18-dic-2022;30-dic-2022;carcinoma lobulillar;infiltrante;27-mar-2023;15-abr-2023;;;;;;;;;;;;;;;;;;;;
174;9-mar-2023;77105;Cali;Valle;48;femenino;contributivo;otro;7-mar-2023;7-mar-2023;7-mar-2023;7-mar-2023;carcinoma ductal;infiltrante;27-mar-2023;15-abr-2023;;;;;;;;;;;;;;;;;;;;
175;9-mar-2023;77122;Cali;Valle;29;femenino;contributivo;otro;22-feb-2023;1-ene-2023;26-ene-2023;7-feb-2023;carcinoma ductal;infiltrante;27-mar-2023;15-abr-2023;;;;;;;;;;;;;;;;;;;;
176;9-mar-2023;77124;Cali;Valle;76;femenino;contributivo;otro;9-feb-2023;10-ene-2023;26-ene-2023;8-feb-2023;carcinoma ductal;infiltrante;27-mar-2023;15-abr-2023;;;;;;;;;;;;;;;;;;;;
177;9-mar-2023;77125;Cali;Valle;63;femenino;contributivo;otro;26-may-2022;10-feb-2022;19-abr-2022;30-abr-2022;carcinoma lobulillar;infiltrante;27-mar-2023;15-abr-2023;;;;;;;;;;;;;;;;;;;;
178;10-mar-2023;77106;Cali;Valle;71;femenino;contributivo;otro;8-feb-2023;28-dic-2022;17-ene-2023;25-ene-2023;carcinoma ductal;in-situ;27-mar-2023;15-abr-2023;;;;;;;;;;;;;;;;;;;;
179;10-mar-2023;77109;Cali;Valle;92;femenino;contributivo;otro;21-dic-2022;10-nov-2022;31-dic-2022;4-ene-2023;carcinoma ductal;infiltrante;27-mar-2023;15-abr-2023;;;;;;;;;;;;;;;;;;;;
180;10-mar-2023;77111;Cali;Valle;74;femenino;contributivo;otro;26-dic-2022;25-nov-2022;4-ene-2023;17-ene-2023;carcinoma ductal;in-situ;27-mar-2023;15-abr-2023;;;;;;;;;;;;;;;;;;;;
181;10-mar-2023;77115;Cali;Valle;75;femenino;contributivo;otro;11-ene-2023;7-dic-2022;17-ene-2023;1-feb-2023;carcinoma ductal;infiltrante;27-mar-2023;15-abr-2023;;;;;;;;;;;;;;;;;;;;
182;10-mar-2023;77116;Cali;Valle;82;femenino;contributivo;otro;18-ene-2023;4-nov-2022;26-ene-2023;6-feb-2023;carcinoma ductal;infiltrante;27-mar-2023;15-abr-2023;;;;;;;;;;;;;;;;;;;;
183;14-mar-2023;77131;Cali;Valle;67;femenino;contributivo;otro;14-mar-2023;14-feb-2023;6-mar-2023;6-mar-2023;carcinoma ductal;infiltrante;27-mar-2023;15-abr-2023;;;;;;;;;;;;;;;;;;;;
184;14-mar-2023;77132;Cali;Valle;55;femenino;contributivo;otro;24-feb-2023;1-jun-2022;2-feb-2023;10-feb-2023;carcinoma ductal;no indicado;27-mar-2023;15-abr-2023;;;;;;;;;;;;;;;;;;;;
185;14-mar-2023;77133;Cali;Valle;49;femenino;contributivo;otro;24-feb-2023;15-feb-2023;15-feb-2023;21-feb-2023;carcinoma ductal;infiltrante;27-mar-2023;15-abr-2023;;;;;;;;;;;;;;;;;;;;
186;14-mar-2023;77134;Cali;Valle;57;femenino;contributivo;otro;2-mar-2023;16-ene-2023;20-feb-2023;28-feb-2023;carcinoma ductal;infiltrante;27-mar-2023;15-abr-2023;;;;;;;;;;;;;;;;;;;;
187;14-mar-2023;77135;Cali;Valle;78;femenino;contributivo;otro;15-feb-2023;1-nov-2022;6-feb-2023;13-feb-2023;carcinoma ductal;infiltrante;27-mar-2023;15-abr-2023;;;;;;;;;;;;;;;;;;;;
188;14-mar-2023;77137;Cali;Valle;44;femenino;contributivo;otro;14-feb-2023;22-ene-2023;26-ene-2023;13-feb-2023;carcinoma ductal;infiltrante;27-mar-2023;15-abr-2023;;;;;;;;;;;;;;;;;;;;
189;14-mar-2023;77138;Cali;Valle;68;femenino;contributivo;otro;14-mar-2023;1-jun-2022;3-mar-2023;8-mar-2023;carcinoma ductal;in-situ;27-mar-2023;15-abr-2023;;;;;;;;;;;;;;;;;;;;
190;14-mar-2023;77140;Cali;Valle;56;femenino;contributivo;otro;15-feb-2023;10-jun-2022;2-feb-2023;10-feb-2023;carcinoma ductal;infiltrante;27-mar-2023;15-abr-2023;;;;;;;;;;;;;;;;;;;;
191;15-mar-2023;77136;Cali;Valle;34;femenino;contributivo;otro;14-mar-2023;1-mar-2022;2-mar-2023;2-mar-2023;carcinoma ductal;in-situ;27-mar-2023;15-abr-2023;;;;;;;;;;;;;;;;;;;;
192;15-mar-2023;77144;Cali;Valle;40;femenino;contributivo;otro;8-mar-2023;27-dic-2022;8-mar-2023;14-mar-2023;carcinoma ductal;infiltrante;27-mar-2023;15-abr-2023;;;;;;;;;;;;;;;;;;;;
193;16-mar-2023;77146;Cali;Valle;62;femenino;contributivo;otro;21-ene-2023;8-nov-2022;22-dic-2022;6-ene-2023;carcinoma ductal;in-situ;27-mar-2023;15-abr-2023;;;;;;;;;;;;;;;;;;;;
194;16-mar-2023;77148;Cali;Valle;64;femenino;contributivo;otro;16-nov-2022;9-sep-2022;30-nov-2022;15-dic-2022;carcinoma ductal;in-situ;27-mar-2023;15-abr-2023;;;;;;;;;;;;;;;;;;;;
195;17-mar-2023;77129;Cali;Valle;48;femenino;contributivo;otro;10-feb-2023;16-nov-2022;16-feb-2023;20-feb-2023;carcinoma ductal;in-situ;27-mar-2023;15-abr-2023;;;;;;;;;;;;;;;;;;;;
196;17-mar-2023;77130;Cali;Valle;51;femenino;contributivo;otro;1-mar-2023;30-ene-2023;15-feb-2023;20-feb-2023;carcinoma ductal;in-situ;27-mar-2023;15-abr-2023;;;;;;;;;;;;;;;;;;;;
197;17-mar-2023;77139;Cali;Valle;44;femenino;contributivo;otro;3-mar-2023;16-feb-2023;16-feb-2023;24-feb-2023;carcinoma ductal;infiltrante;27-mar-2023;15-abr-2023;;;;;;;;;;;;;;;;;;;;
198;17-mar-2023;77141;Cali;Valle;84;femenino;contributivo;otro;22-feb-2023;1-ene-2023;2-mar-2023;6-mar-2023;carcinoma ductal;infiltrante;27-mar-2023;15-abr-2023;;;;;;;;;;;;;;;;;;;;
199;17-mar-2023;77142;Cali;Valle;43;femenino;contributivo;otro;4-feb-2023;4-feb-2023;22-feb-2023;4-mar-2023;carcinoma ductal;infiltrante;27-mar-2023;15-abr-2023;;;;;;;;;;;;;;;;;;;;
200;17-mar-2023;77143;Cali;Valle;55;femenino;contributivo;otro;27-ene-2023;25-ene-2023;2-feb-2023;14-feb-2023;carcinoma ductal;infiltrante;27-mar-2023;15-abr-2023;;;;;;;;;;;;;;;;;;;;
201;18-mar-2023;77145;Cali;Valle;83;femenino;contributivo;otro;16-feb-2023;12-dic-2022;2-feb-2023;17-feb-2023;carcinoma ductal;infiltrante;27-mar-2023;15-abr-2023;;;;;;;;;;;;;;;;;;;;
202;18-mar-2023;77147;Cali;Valle;66;femenino;contributivo;otro;16-feb-2023;2-ene-2023;26-dic-2022;10-ene-2023;carcinoma ductal;infiltrante;27-mar-2023;15-abr-2023;;;;;;;;;;;;;;;;;;;;
203;19-mar-2023;77149;Cali;Valle;63;femenino;subsidiado;otro;15-mar-2023;22-feb-2023;7-mar-2023;14-mar-2023;carcinoma ductal;infiltrante;27-mar-2023;15-abr-2023;;;;;;;;;;;;;;;;;;;;
204;19-mar-2023;77150;Cali;Valle;63;femenino;subsidiado;otro;15-mar-2023;30-sep-2022;7-mar-2023;14-mar-2023;carcinoma ductal;in-situ;27-mar-2023;15-abr-2023;;;;;;;;;;;;;;;;;;;;
205;20-mar-2023;77159;Cali;Valle;64;femenino;contributivo;otro;18-feb-2023;9-sep-2022;2-feb-2023;17-feb-2023;carcinoma ductal;in-situ;27-mar-2023;15-abr-2023;;;;;;;;;;;;;;;;;;;;
206;20-mar-2023;77164;Cali;Valle;71;femenino;contributivo;otro;9-mar-2023;9-oct-2022;17-ene-2023;1-feb-2023;carcinoma lobulillar;infiltrante;27-mar-2023;15-abr-2023;;;;;;;;;;;;;;;;;;;;
207;20-mar-2023;77166;Cali;Valle;65;femenino;contributivo;otro;9-mar-2023;1-ene-2023;10-mar-2023;16-mar-2023;carcinoma ductal;infiltrante;27-mar-2023;15-abr-2023;;;;;;;;;;;;;;;;;;;;
208;20-mar-2023;77167;Cali;Valle;65;femenino;subsidiado;otro;9-mar-2023;10-ene-2023;10-mar-2023;16-mar-2023;carcinoma ductal;in-situ;27-mar-2023;15-abr-2023;;;;;;;;;;;;;;;;;;;;
209;21-mar-2023;77155;Cali;Valle;67;femenino;subsidiado;otro;21-mar-2023;21-ene-2023;27-feb-2023;6-mar-2023;carcinoma ductal;infiltrante;27-mar-2023;15-abr-2023;;;;;;;;;;;;;;;;;;;;
210;21-mar-2023;77156;Cali;Valle;49;femenino;subsidiado;otro;21-mar-2023;27-feb-2023;27-feb-2023;9-mar-2023;carcinoma ductal;infiltrante;27-mar-2023;15-abr-2023;;;;;;;;;;;;;;;;;;;;
211;22-mar-2023;77163;Cali;Valle;55;femenino;contributivo;otro;3-mar-2023;5-dic-2022;16-feb-2023;3-mar-2023;carcinoma ductal;infiltrante;27-mar-2023;15-abr-2023;;;;;;;;;;;;;;;;;;;;
212;23-mar-2023;77151;Cali;Valle;59;femenino;contributivo;otro;22-mar-2023;1-oct-2022;9-mar-2023;15-mar-2023;carcinoma ductal;in-situ;27-mar-2023;15-abr-2023;;;;;;;;;;;;;;;;;;;;
213;23-mar-2023;77152;Cali;Valle;53;femenino;contributivo;otro;21-mar-2023;27-feb-2023;16-mar-2023;20-mar-2023;carcinoma ductal;in-situ;27-mar-2023;15-abr-2023;;;;;;;;;;;;;;;;;;;;
214;23-mar-2023;77153;Cali;Valle;48;femenino;contributivo;otro;17-mar-2023;17-sep-2022;8-mar-2023;8-mar-2023;carcinoma ductal;in-situ;27-mar-2023;15-abr-2023;;;;;;;;;;;;;;;;;;;;
215;23-mar-2023;77154;Cali;Valle;43;femenino;contributivo;#N/A;21-mar-2023;1-ene-2023;10-mar-2023;17-mar-2023;carcinoma ductal;in-situ;27-mar-2023;15-abr-2023;;;;;;;;;;;;;;;;;;;;
216;23-mar-2023;77157;Cali;Valle;30;femenino;contributivo;rom ;16-mar-2023;16-dic-2022;4-mar-2023;4-mar-2023;carcinoma ductal;no indicado;27-mar-2023;15-abr-2023;;;;;;;;;;;;;;;;;;;;
217;23-mar-2023;77160;Cali;Valle;51;femenino;contributivo;otro;21-mar-2023;8-feb-2023;3-mar-2023;8-mar-2023;carcinoma ductal;infiltrante;27-mar-2023;15-abr-2023;;;;;;;;;;;;;;;;;;;;
218;24-mar-2023;77158;Cali;Valle;62;femenino;contributivo;otro;23-mar-2023;23-ene-2023;8-mar-2023;8-mar-2023;carcinoma ductal;infiltrante;27-mar-2023;15-abr-2023;;;;;;;;;;;;;;;;;;;;
219;24-mar-2023;77161;Cali;Valle;49;femenino;contributivo;otro;24-mar-2023;17-mar-2023;17-mar-2023;17-mar-2023;carcinoma ductal;in-situ;27-mar-2023;15-abr-2023;;;;;;;;;;;;;;;;;;;;
220;24-mar-2023;77162;Cali;Valle;91;femenino;contributivo;otro;16-mar-2023;16-mar-2023;15-mar-2023;23-mar-2023;carcinoma lobulillar;no indicado;27-mar-2023;15-abr-2023;;;;;;;;;;;;;;;;;;;;
221;24-mar-2023;77165;Cali;Valle;39;femenino;contributivo;otro;1-mar-2023;20-nov-2022;14-mar-2023;23-mar-2023;carcinoma ductal;infiltrante;27-mar-2023;15-abr-2023;;;;;;;;;;;;;;;;;;;;
222;27-mar-2023;77170;Cali;Valle;45;femenino;contributivo;otro;25-mar-2023;25-sep-2022;23-mar-2023;23-mar-2023;carcinoma ductal;infiltrante;27-mar-2023;15-abr-2023;;;;;;;;;;;;;;;;;;;;
223;28-mar-2023;77168;Cali;Valle;52;femenino;contributivo;otro;27-mar-2023;18-ene-2023;18-ene-2023;18-ene-2023;carcinoma lobulillar;in-situ;27-mar-2023;15-abr-2023;;;;;;;;;;;;;;;;;;;;
224;28-mar-2023;77171;Cali;Valle;68;femenino;contributivo;otro;25-mar-2023;23-sep-2022;14-mar-2023;14-mar-2023;carcinoma ductal;infiltrante;27-mar-2023;15-abr-2023;;;;;;;;;;;;;;;;;;;;
225;28-mar-2023;77172;Cali;Valle;65;femenino;contributivo;otro;25-mar-2023;25-ene-2023;15-mar-2023;15-mar-2023;carcinoma ductal;infiltrante;27-mar-2023;15-abr-2023;;;;;;;;;;;;;;;;;;;;
226;28-mar-2023;77177;Cali;Valle;80;femenino;contributivo;otro;25-mar-2023;18-mar-2022;8-mar-2023;8-mar-2023;carcinoma ductal;infiltrante;27-mar-2023;15-abr-2023;;;;;;;;;;;;;;;;;;;;
227;28-mar-2023;77178;Cali;Valle;81;femenino;contributivo;otro;23-mar-2023;24-feb-2023;12-mar-2023;12-mar-2023;carcinoma ductal;no indicado;27-mar-2023;15-abr-2023;;;;;;;;;;;;;;;;;;;;
228;28-mar-2023;77180;Cali;Valle;75;femenino;contributivo;otro;25-mar-2023;3-feb-2023;22-feb-2023;22-feb-2023;carcinoma ductal;infiltrante;27-mar-2023;15-abr-2023;;;;;;;;;;;;;;;;;;;;
229;29-mar-2023;77182;Cali;Valle;69;femenino;contributivo;otro;22-mar-2023;7-dic-2022;20-feb-2023;27-feb-2023;carcinoma ductal;infiltrante;27-mar-2023;15-abr-2023;;;;;;;;;;;;;;;;;;;;
230;30-mar-2023;77173;Cali;Valle;60;femenino;contributivo;otro;28-mar-2023;31-ene-2023;15-feb-2023;15-feb-2023;carcinoma ductal;infiltrante;27-mar-2023;15-abr-2023;;;;;;;;;;;;;;;;;;;;
231;30-mar-2023;77174;Cali;Valle;69;femenino;contributivo;otro;29-mar-2023;1-mar-2023;21-mar-2023;22-mar-2023;carcinoma ductal;infiltrante;27-mar-2023;15-abr-2023;;;;;;;;;;;;;;;;;;;;
232;30-mar-2023;77175;Cali;Valle;45;femenino;contributivo;afrocolombiano;29-mar-2023;1-nov-2022;21-mar-2023;24-mar-2023;carcinoma ductal;infiltrante;27-mar-2023;15-abr-2023;;;;;;;;;;;;;;;;;;;;
233;30-mar-2023;77176;Cali;Valle;83;femenino;contributivo;otro;30-mar-2023;21-mar-2023;21-mar-2023;28-mar-2023;carcinoma ductal;in-situ;27-mar-2023;15-abr-2023;;;;;;;;;;;;;;;;;;;;
234;30-mar-2023;77179;Cali;Valle;67;femenino;contributivo;otro;28-mar-2023;3-oct-2022;17-mar-2023;27-mar-2023;carcinoma ductal;in-situ;27-mar-2023;15-abr-2023;;;;;;;;;;;;;;;;;;;;
235;31-mar-2023;77169;Cali;Valle;62;femenino;no afiliado;otro;31-mar-2023;30-mar-2023;27-feb-2023;31-mar-2023;carcinoma ductal;in-situ;27-mar-2023;15-abr-2023;;;;;;;;;;;;;;;;;;;;
236;31-mar-2023;77181;Cali;Valle;80;femenino;contributivo;otro;10-mar-2023;12-mar-2022;24-mar-2023;31-mar-2023;carcinoma ductal;infiltrante;27-mar-2023;15-abr-2023;;;;;;;;;;;;;;;;;;;;
237;31-mar-2023;77183;Cali;Valle;67;femenino;contributivo;otro;28-mar-2023;20-nov-2022;23-mar-2023;30-mar-2023;carcinoma ductal;infiltrante;27-mar-2023;15-abr-2023;;;;;;;;;;;;;;;;;;;;
